날짜,시가,고가,저가,종가,거래량
2017-06-09,42271,42789,42012,42444,1196733
2017-06-12,42098,42530,41840,42530,805772
2017-06-13,42530,42875,42185,42789,648431
2017-06-14,42443,42530,41753,42013,1078260
2017-06-15,41926,42271,41322,41754,994724
2017-06-16,41667,41753,41322,41754,923776
2017-06-19,41753,42789,41753,42703,1006281
2017-06-20,42961,43392,42702,43048,1272526
2017-06-21,43996,44341,43565,43911,2347094
2017-06-22,43824,45808,43824,45377,2259872
2017-06-23,44859,45463,44169,44514,1263641
2017-06-26,44514,44945,44255,44514,800040
2017-06-27,44428,46239,44083,45550,2282806
2017-06-28,45635,47102,45377,45895,1648400
2017-06-29,46412,46412,44686,45118,820801
2017-06-30,45463,46757,45204,45895,1027244
2017-07-03,46412,47447,45980,47361,1393405
2017-07-04,47016,47447,45463,45550,1139018
2017-07-05,45290,46326,45204,46153,694520
2017-07-06,45549,45808,44341,44428,1577807
2017-07-07,44341,44514,43479,44256,1482018
2017-07-10,44255,44341,43565,44083,741195
2017-07-11,44428,44945,44169,44859,1042459
2017-07-12,44600,44859,43737,44342,901914
2017-07-13,44341,44773,44083,44428,928935
2017-07-14,44773,45463,44514,45377,693587
2017-07-17,45635,45635,44600,45205,836264
2017-07-18,45031,45031,44428,45032,592565
2017-07-19,45204,45290,44773,45205,543091
2017-07-20,45204,45808,44859,45377,660423
2017-07-21,45549,47274,45463,46671,1336113
2017-07-24,47361,48223,47016,48051,1030061
2017-07-25,48137,48223,47102,47879,835407
2017-07-26,48137,48137,46584,46585,854539
2017-07-27,47792,48137,47102,48138,1090124
2017-07-28,47620,48223,47102,47793,1075171
2017-07-31,47533,48568,47274,47965,1280484
2017-08-01,47706,48655,47620,47879,619267
2017-08-02,48396,49690,47878,48914,1081894
2017-08-03,49000,49604,48223,48828,1046562
2017-08-04,48482,49000,47533,47706,1048880
2017-08-07,47533,49172,47533,48224,760153
2017-08-08,48051,48137,46929,47447,1061307
2017-08-09,47361,48223,47274,47361,564559
2017-08-10,47447,47792,46153,46412,1293629
2017-08-11,45894,46153,44859,45722,1393388
2017-08-14,45808,46843,45549,46499,926692
2017-08-16,46929,46929,45894,46326,904111
2017-08-17,45722,45894,45031,45550,832613
2017-08-18,45031,45118,43824,44859,1377959
2017-08-21,44686,44859,44341,44859,512930
2017-08-22,45031,45549,45031,45291,561673
2017-08-23,45204,45463,44773,45032,492140
2017-08-24,45031,45463,44773,45463,635252
2017-08-25,45463,45549,44773,45032,660267
2017-08-28,44859,45290,44859,45205,312085
2017-08-29,45031,45290,44428,44946,440840
2017-08-30,44341,44773,44169,44342,895597
2017-08-31,44169,44255,43651,43738,1206308
2017-09-01,43996,44169,43047,43479,631710
2017-09-04,42616,43565,42616,42789,665495
2017-09-05,43134,43220,42616,42789,498979
2017-09-06,42443,42616,41753,42099,1117115
2017-09-07,42443,43565,42185,43393,980327
2017-09-08,43306,43306,42875,43048,694833
2017-09-11,43047,43047,42443,42530,610660
2017-09-12,42443,42702,42271,42530,575218
2017-09-13,42616,43737,42616,42962,843671
2017-09-14,43047,43047,41581,41754,1779642
2017-09-15,41581,43651,41581,43652,1522213
2017-09-18,43651,43651,42961,43134,924878
2017-09-19,43134,43134,42098,42444,1138693
2017-09-20,42530,42530,42098,42358,774643
2017-09-21,42357,43565,42357,42962,1353211
2017-09-22,43134,43651,42788,43479,1315450
2017-09-25,43651,43737,43047,43048,816825
2017-09-26,43220,44169,42875,43911,1083244
2017-09-27,43996,44514,43565,44342,1105338
2017-09-28,43737,44514,43651,44428,937976
2017-09-29,44514,44514,43651,43997,656331
2017-10-10,44859,46326,43996,46153,2231733
2017-10-11,45894,46239,45722,45981,1200796
2017-10-12,45722,46671,45722,46240,1375490
2017-10-13,46239,46412,45722,46153,808264
2017-10-16,45894,47102,45894,46844,910608
2017-10-17,46843,46929,46067,46326,768296
2017-10-18,46067,46929,45808,46153,816460
2017-10-19,45894,46412,45463,45636,644508
2017-10-20,45290,45808,44945,45722,845996
2017-10-23,45377,45549,44945,45205,676941
2017-10-24,45031,45463,44859,45377,669447
2017-10-25,45118,46412,45118,46067,707775
2017-10-26,45808,46326,45290,45463,618090
2017-10-27,45377,45463,44859,45032,996300
2017-10-30,45031,45118,44428,44428,761144
2017-10-31,44686,45549,44341,45550,932679
2017-11-01,44945,45808,44945,45463,661113
2017-11-02,45463,45980,45118,45722,586734
2017-11-03,45894,46153,45635,45895,448769
2017-11-06,46067,46067,44514,44859,1082566
2017-11-07,44773,45204,43996,44169,1013091
2017-11-08,43910,44341,43565,43824,893215
2017-11-09,44083,44255,43392,43738,902250
2017-11-10,43910,44255,43824,44169,751836
2017-11-13,43910,44341,43306,43565,1116889
2017-11-14,43737,43910,42961,43307,1026491
2017-11-15,43479,43651,42875,43479,696717
2017-11-16,43996,44255,43737,44083,717443
2017-11-17,44169,44255,43565,43911,859749
2017-11-20,43737,43824,43220,43220,645018
2017-11-21,43479,43651,43220,43220,508316
2017-11-22,43392,44945,43306,44946,1456099
2017-11-23,45290,45290,44514,44859,934168
2017-11-24,45290,45290,44686,45118,623248
2017-11-27,45290,45290,44341,44859,695552
2017-11-28,44773,44773,43996,44687,999523
2017-11-29,44255,44686,43996,44169,616456
2017-11-30,44945,46067,44600,45550,2089090
2017-12-01,45894,46067,45290,45722,917963
2017-12-04,46239,46584,45808,46499,1002681
2017-12-05,46153,47706,46067,47534,1640449
2017-12-06,47533,47965,47274,47534,1199324
2017-12-07,47447,48223,47188,47879,1328375
2017-12-08,47620,48568,46584,46844,1509183
2017-12-11,46584,47533,46498,47361,732791
2017-12-12,47361,47533,46498,46585,959392
2017-12-13,46498,48137,46326,47706,1018000
2017-12-14,47620,48655,47102,47361,1806437
2017-12-15,47706,48310,47447,47793,815306
2017-12-18,48137,48137,46671,47016,1148187
2017-12-19,47102,47533,46757,47102,597005
2017-12-20,46843,47447,46843,46930,725302
2017-12-21,46757,47361,46757,46930,839469
2017-12-22,47274,47620,46929,47275,658661
2017-12-26,47447,48137,47274,47965,1088194
2017-12-27,46584,46671,45894,46153,870176
2017-12-28,46326,46412,45808,46067,662371
2018-01-02,46067,46498,45722,45808,488488
2018-01-03,45722,45980,45031,45205,1089909
2018-01-04,45290,45377,44686,44773,1193337
2018-01-05,44686,46326,44686,46153,1358218
2018-01-08,46239,46239,45463,45895,654755
2018-01-09,45894,47792,45722,47620,1527388
2018-01-10,47361,47533,46153,46326,1315555
2018-01-11,46498,47102,46239,46326,1128058
2018-01-12,46153,46412,45894,46067,914329
2018-01-15,46067,46239,45549,45895,816640
2018-01-16,45894,46326,45635,45895,555703
2018-01-17,45894,47102,45894,45981,979104
2018-01-18,46757,48223,46153,47965,1676986
2018-01-19,47706,48568,47102,48310,1090031
2018-01-22,48310,48310,47274,47275,618791
2018-01-23,47620,48310,47188,47275,956059
2018-01-24,47274,47706,46843,47275,734622
2018-01-25,47016,47102,45808,45981,1575656
2018-01-26,45722,46326,45463,46153,857234
2018-01-29,46326,46757,45722,45808,1046892
2018-01-30,45722,46412,45722,46067,1062796
2018-01-31,45894,46326,45031,45808,1175399
2018-02-01,45722,46067,45118,45118,986662
2018-02-02,45204,45635,45031,45205,824099
2018-02-05,45031,45377,44514,44859,931166
2018-02-06,44514,44514,43306,44083,1014818
2018-02-07,43737,43910,42443,42789,1890164
2018-02-08,42185,42789,41926,42099,1435640
2018-02-09,41408,42098,40804,41409,1376516
2018-02-12,41494,41667,40977,41409,875473
2018-02-13,41581,41840,40891,41495,1038199
2018-02-14,41840,42530,41581,42099,687646
2018-02-19,42789,42789,41753,42013,586468
2018-02-20,42098,42616,42012,42271,605571
2018-02-21,42702,42702,42098,42444,741450
2018-02-22,42185,42271,41149,41409,1229886
2018-02-23,41408,41667,41236,41668,787938
2018-02-26,41581,41667,41149,41322,928541
2018-02-27,41494,42012,41322,41581,879200
2018-02-28,41494,41581,41149,41409,823102
2018-03-02,40891,40977,40114,40460,1022457
2018-03-05,40287,40804,40200,40374,570633
2018-03-06,40546,40718,39769,40028,1482163
2018-03-07,39769,40373,39510,40028,914567
2018-03-08,40459,40459,39510,39597,1639301
2018-03-09,39769,40632,39769,40287,974172
2018-03-12,40459,40977,40028,40719,962887
2018-03-13,40373,40977,40200,40546,1301529
2018-03-14,40287,40459,39855,40115,929398
2018-03-15,40114,41063,39942,40805,922820
2018-03-16,40891,41840,40891,41322,1248079
2018-03-19,41322,41322,40718,41236,1119086
2018-03-20,40804,40804,40028,40115,1311735
2018-03-21,39942,40373,39683,39683,1458811
2018-03-22,39769,40114,39683,39942,836427
2018-03-23,39683,39769,39252,39425,1098592
2018-03-26,39252,39338,38648,39079,1068708
2018-03-27,39165,39769,38734,39338,785365
2018-03-28,39079,39338,38648,39079,786472
2018-03-29,39165,39855,39079,39683,891418
2018-03-30,39942,40546,39769,40287,888961
2018-04-02,40287,40718,40200,40546,692747
2018-04-03,40287,41149,40114,40891,1225887
2018-04-04,40632,40891,40200,40460,930372
2018-04-05,40459,40718,40028,40201,917691
2018-04-06,40028,40373,39769,40115,796887
2018-04-09,40028,40804,39942,40546,804706
2018-04-10,40200,40373,39855,40115,1021993
2018-04-11,39855,40114,39769,39856,1113893
2018-04-12,39769,39942,39510,39511,1480674
2018-04-13,39079,39252,38303,38648,2542884
2018-04-16,38648,38906,38303,38907,996248
2018-04-17,38648,38993,38303,38562,1012395
2018-04-18,38389,38734,38130,38303,1291907
2018-04-19,38303,38820,38216,38303,1205085
2018-04-20,38648,38993,38303,38821,967727
2018-04-23,38906,39079,38648,38993,747912
2018-04-24,39079,39079,38475,38562,873729
2018-04-25,38734,39252,38648,39079,857524
2018-04-26,39079,39079,38303,38389,1233288
2018-04-27,38303,39079,38216,39079,1102568
2018-04-30,39338,39424,38906,39425,832039
2018-05-02,39424,39424,38993,39425,899886
2018-05-03,39252,40114,39165,39942,945436
2018-05-04,39510,40114,39424,39770,1088374
2018-05-08,39510,39941,39252,39338,906945
2018-05-09,39165,39597,38734,38993,1671961
2018-05-10,39079,39079,38389,38389,1550114
2018-05-11,38475,38820,38389,38734,574424
2018-05-14,38561,38648,37957,38131,1268411
2018-05-15,38044,38303,37785,38044,658082
2018-05-16,38044,38303,37957,38131,654581
2018-05-17,38216,38389,38044,38303,505499
2018-05-18,38303,38475,38130,38476,491299
2018-05-21,38475,38561,38130,38389,423430
2018-05-23,38561,38820,38389,38734,1528866
2018-05-24,38734,38820,38389,38648,716626
2018-05-25,38820,39338,38475,39252,1380254
2018-05-28,39252,39252,38734,39252,548093
2018-05-29,39079,39338,38906,39252,512095
2018-05-30,38906,38906,38303,38476,1049466
2018-05-31,38389,38648,38130,38303,1197006
2018-06-01,38648,38648,38130,38303,491294
2018-06-04,38389,38734,38216,38476,601838
2018-06-05,38389,38648,38303,38389,662000
2018-06-07,38906,39252,38648,39079,972954
2018-06-08,39855,40373,39424,39683,1442061
2018-06-11,40028,41667,39769,41581,2861936
2018-06-12,41581,42702,41408,42530,2876478
2018-06-14,42443,42702,41408,41668,2755918
2018-06-15,41667,41753,40459,40460,2224696
2018-06-18,40891,42185,40718,40977,2101859
2018-06-19,40891,41408,39769,40632,1504663
2018-06-20,41063,42185,40546,41668,1790017
2018-06-21,40977,42271,40804,41926,1212081
2018-06-22,41408,42012,41322,41754,822476
2018-06-25,41408,41753,40373,40891,980912
2018-06-26,40891,41063,40287,40891,689594
2018-06-27,40373,40891,40287,40546,826365
2018-06-28,40200,40718,39769,39942,790303
2018-06-29,40373,40459,39942,40201,837424
2018-07-02,40028,40459,39683,39770,604702
2018-07-03,39942,40200,39252,39511,673446
2018-07-04,39252,39596,38906,39425,517033
2018-07-05,39252,39683,39165,39338,340960
2018-07-06,39338,39683,38820,39252,894055
2018-07-09,39252,39596,38993,39425,596187
2018-07-10,39683,40373,39424,40201,1120176
2018-07-11,40287,41063,40200,40977,1467818
2018-07-12,41063,41063,40546,40977,917923
2018-07-13,41322,41581,41063,41495,967263
2018-07-16,41149,41408,40718,40891,611309
2018-07-17,40718,41063,40546,41064,338908
2018-07-18,40891,41236,40632,40977,528196
2018-07-19,40804,40977,40546,40805,484176
2018-07-20,40804,41581,40459,41322,737839
2018-07-23,41322,41667,41149,41495,565417
2018-07-24,41581,41839,41322,41581,661698
2018-07-25,41322,41926,41322,41754,617928
2018-07-26,41926,41926,40718,41236,708286
2018-07-27,41926,41926,41236,41754,469037
2018-07-30,41581,42702,41494,42271,1394732
2018-07-31,42616,43479,42530,43220,1266069
2018-08-01,43824,43996,42616,42616,1076718
2018-08-02,43047,43824,42961,43652,1234320
2018-08-03,43737,44600,43565,44342,1064767
2018-08-06,44773,44859,44428,44773,903618
2018-08-07,44341,44428,43047,43220,1163384
2018-08-08,43479,43651,42961,43479,555292
2018-08-09,43996,44600,43651,44342,1094952
2018-08-10,43996,44686,43651,44256,718556
2018-08-13,43651,44600,43651,44342,782994
2018-08-14,44686,44773,43910,44773,621423
2018-08-16,45031,45808,44773,45636,1912959
2018-08-17,45549,45549,44341,45118,927915
2018-08-20,45463,45549,44514,45205,721732
2018-08-21,44600,44686,43910,44342,1061933
2018-08-22,43910,44255,43479,43824,881507
2018-08-23,43996,44773,43651,44601,725824
2018-08-24,44514,45463,44083,45463,886039
2018-08-27,45635,45722,44773,45032,887819
2018-08-28,44773,45290,44514,45205,666457
2018-08-29,45290,45549,44945,45463,602766
2018-08-30,45463,45463,44859,45032,668972
2018-08-31,44859,45290,44600,45291,893957
2018-09-03,45031,45290,44083,44256,605774
2018-09-04,44341,45549,44341,45205,641662
2018-09-05,45031,45635,44686,45291,662568
2018-09-06,45290,45722,45118,45118,472834
2018-09-07,45549,45722,45031,45463,718736
2018-09-10,45118,46067,45118,45808,864745
2018-09-11,45980,47188,45635,46844,1533120
2018-09-12,46929,47447,46671,47275,1247534
2018-09-13,47533,47878,46929,47620,1259097
2018-09-14,47792,48396,47620,47793,982460
2018-09-17,47274,48482,47274,48051,619904
2018-09-18,47620,48137,47274,47793,1033469
2018-09-19,47447,47706,46067,46499,1163952
2018-09-20,46498,47102,46067,46844,926605
2018-09-21,47102,47102,46498,46499,860091
2018-09-27,46239,47792,46153,47447,1630775
2018-09-28,47533,49000,47447,48655,1386873
2018-10-01,48655,48655,47274,47534,530561
2018-10-02,47447,47965,46498,46930,751847
2018-10-04,47188,48741,47016,48224,1179265
2018-10-05,48655,48827,47620,48483,759226
2018-10-08,48655,48655,47620,48051,498620
2018-10-10,49172,49431,48482,49173,1130927
2018-10-11,48568,49000,46584,46585,1357273
2018-10-12,46757,47533,46067,46585,997906
2018-10-15,45808,46584,45377,46326,886694
2018-10-16,46757,47188,45722,46240,722491
2018-10-17,45635,47361,45635,47275,784252
2018-10-18,47274,48655,46929,48224,986517
2018-10-19,48051,49345,47878,48742,1392547
2018-10-22,48482,49690,48482,49345,688817
2018-10-23,48827,49086,48482,48828,1033336
2018-10-24,49690,49690,47792,48051,1570429
2018-10-25,48827,49517,48310,48914,2124880
2018-10-26,48741,48741,46671,47447,1884901
2018-10-29,47965,49172,47447,47620,922298
2018-10-30,47361,47447,45463,46412,1288940
2018-10-31,45894,46326,44945,46240,1623223
2018-11-01,45980,46498,44945,45118,1277024
2018-11-02,45118,45204,43996,44428,1748113
2018-11-05,44600,45549,44600,45463,1273645
2018-11-06,45808,45980,44686,45291,748051
2018-11-07,45635,46843,45463,46326,1168670
2018-11-08,46584,47102,45722,46153,1159547
2018-11-09,45980,46153,45290,45895,651300
2018-11-12,45808,46239,44773,46067,640833
2018-11-13,46153,46757,45204,45981,930476
2018-11-14,45722,46843,45722,46585,607055
2018-11-15,46239,46412,45549,46067,675122
2018-11-16,46067,48741,46067,48138,1018214
2018-11-19,48137,48310,47188,47620,687218
2018-11-20,47620,49086,47533,48742,1216236
2018-11-21,47792,48914,47792,48310,1279058
2018-11-22,48223,49604,47792,49432,870367
2018-11-23,49431,49690,48827,49000,460564
2018-11-26,48827,48827,47792,48224,847816
2018-11-27,47792,48568,47706,48051,740899
2018-11-28,48310,50035,48137,49000,1338767
2018-11-29,49172,49863,48914,49000,1275030
2018-11-30,49172,50208,48741,49949,1518486
2018-12-03,49949,49949,48655,48655,1022921
2018-12-04,48568,48741,47878,47965,1384381
2018-12-05,48568,49172,47965,48655,1010297
2018-12-06,49086,50035,48741,49604,1215228
2018-12-07,49345,49431,48827,48828,724943
2018-12-10,48655,49949,48137,48914,998114
2018-12-11,49000,49776,48655,49604,905195
2018-12-12,49690,49690,48482,48828,1075588
2018-12-13,48568,48741,47965,48310,1696060
2018-12-14,48310,48827,48051,48310,698247
2018-12-17,47878,48482,47620,47793,905716
2018-12-18,47792,48223,46067,46585,1635528
2018-12-19,46757,48051,46671,47102,1336217
2018-12-20,47447,47533,45808,47102,1132080
2018-12-21,47102,47792,46584,47620,801512
2018-12-24,47620,48137,47016,47620,813573
2018-12-26,47188,47447,45980,46412,1025175
2018-12-27,45204,46326,44514,45895,834682
2018-12-28,45808,47102,45290,46499,945146
2019-01-02,46153,47188,46153,47016,751407
2019-01-03,47102,48482,46498,47534,1683570
2019-01-04,47965,48568,47361,48224,1299100
2019-01-07,48482,48482,47706,47706,696178
2019-01-08,48137,48137,46929,47620,585575
2019-01-09,47533,47792,46239,46499,1468983
2019-01-10,46584,46843,46067,46757,1057603
2019-01-11,46412,46412,45463,45463,1292052
2019-01-14,45635,46239,45549,46067,769745
2019-01-15,46153,46584,45808,46326,603264
2019-01-16,46067,46326,45808,46153,540124
2019-01-17,45808,46584,45635,46326,654227
2019-01-18,46584,46757,46067,46499,415634
2019-01-21,46498,46584,45031,45463,1074811
2019-01-22,45463,45722,45031,45550,633658
2019-01-23,45549,46671,45463,46412,983833
2019-01-24,46239,46843,45980,46757,806033
2019-01-25,46326,46843,46326,46412,788002
2019-01-28,46153,47361,45980,47016,880064
2019-01-29,46929,47447,46153,46153,898558
2019-01-30,46412,46412,44428,44601,2618080
2019-01-31,44686,44773,44169,44514,1360716
2019-02-01,44600,45204,44514,44859,1516962
2019-02-07,44945,45031,44514,44773,1079506
2019-02-08,44600,45290,44514,45032,1376400
2019-02-11,45204,45290,44859,45032,983619
2019-02-12,45118,45635,44773,44773,1285138
2019-02-13,44945,44945,44514,44773,846303
2019-02-14,44686,44859,44255,44859,1446559
2019-02-15,44514,44773,43651,43997,2060505
2019-02-18,44169,44859,44083,44773,1133170
2019-02-19,44945,45204,44686,44859,785776
2019-02-20,44686,45118,44514,44859,793856
2019-02-21,44773,45118,44514,44687,763016
2019-02-22,44773,45031,44514,45032,728420
2019-02-25,45463,45635,44686,44859,1108711
2019-02-26,44859,45031,44600,44773,606446
2019-02-27,44773,45463,44600,45377,1030119
2019-02-28,45204,45549,44945,44946,1629384
2019-03-04,44859,45463,44600,45032,1072081
2019-03-05,44945,45377,44686,45032,962157
2019-03-06,45118,45118,44514,44514,866449
2019-03-07,43996,44514,43651,43824,930343
2019-03-08,43737,44169,43392,43479,559818
2019-03-11,43479,43651,42789,42962,926338
2019-03-12,43220,43306,42789,42789,758350
2019-03-13,42789,42875,42098,42358,1313538
2019-03-14,42443,42961,42185,42530,1389597
2019-03-15,42702,43824,42702,43738,1258570
2019-03-18,43737,44083,43134,43479,685989
2019-03-19,43220,43737,43047,43652,914433
2019-03-20,43392,43910,43047,43307,688875
2019-03-21,43133,43392,42875,43048,732918
2019-03-22,42788,43737,42616,43479,1358131
2019-03-25,43737,44255,43306,43652,1662682
2019-03-26,43651,43737,43220,43220,841243
2019-03-27,43134,43996,43047,43652,838884
2019-03-28,43824,44169,43220,43393,1418965
2019-03-29,42961,43392,42875,43393,1114015
2019-04-01,43392,44083,43306,43911,1077976
2019-04-02,43737,43910,43134,43307,1026421
2019-04-03,43047,43134,41581,41926,3792424
2019-04-04,42271,42616,41926,42358,1650730
2019-04-05,42530,42616,42098,42530,932801
2019-04-08,42530,42616,42012,42358,942671
2019-04-09,42185,42443,42012,42099,655416
2019-04-10,42098,42530,42098,42530,768806
2019-04-11,42702,42702,42271,42271,1009173
2019-04-12,42443,42443,42098,42271,651156
2019-04-15,42185,42616,42185,42444,605745
2019-04-16,42271,42789,42271,42703,635669
2019-04-17,42789,42789,42443,42703,481916
2019-04-18,42443,42616,42012,42185,761880
2019-04-19,42098,42271,41926,42013,414597
2019-04-22,42012,42271,41840,42185,311482
2019-04-23,42271,42271,41926,42013,357513
2019-04-24,42012,42530,41926,42444,900025
2019-04-25,42443,42789,42271,42789,919748
2019-04-26,42789,42961,42357,42530,958783
2019-04-29,42530,42789,42185,42703,650286
2019-04-30,42789,42875,42530,42703,802840
2019-05-02,42616,43737,42443,43393,1481902
2019-05-03,43220,44341,43220,44169,1720501
2019-05-07,43910,44255,43737,44256,1541629
2019-05-08,43996,45722,43910,45291,3033303
2019-05-09,45290,45463,44859,45463,1970420
2019-05-10,45377,45463,44686,45291,1258500
2019-05-13,44773,44945,44514,44773,775164
2019-05-14,44686,45118,44341,44773,1020759
2019-05-15,44686,44773,43996,44514,1121086
2019-05-16,44083,44773,43996,44514,916787
2019-05-17,44686,44686,44255,44428,615992
2019-05-20,44686,45290,44255,44946,979782
2019-05-21,44514,44773,44169,44514,629253
2019-05-22,44255,44514,43306,43652,935988
2019-05-23,43134,43479,42443,43307,1268631
2019-05-24,42961,43910,42789,43652,851455
2019-05-27,43824,44341,43134,44256,562623
2019-05-28,44428,44428,43306,43738,1354207
2019-05-29,43737,43824,43134,43479,586618
2019-05-30,43651,43737,43047,43134,672038
2019-05-31,43220,43737,43047,43220,847433
2019-06-03,43134,43306,42875,43134,863175
2019-06-04,43220,44255,43134,43824,1180951
2019-06-05,43910,44514,43737,44428,904007
2019-06-07,44083,44341,43910,43997,836461
2019-06-10,44083,44255,43220,43738,1048857
2019-06-11,43565,43910,43392,43738,973945
2019-06-12,43651,44428,43479,44342,952993
2019-06-13,44428,44773,44169,44773,1546532
2019-06-14,44428,44773,44341,44687,487092
2019-06-17,44859,45204,44514,45118,736790
2019-06-18,44859,45635,44859,45550,1190323
2019-06-19,45463,45463,45031,45377,663906
2019-06-20,45204,45290,44773,44946,680199
2019-06-21,45031,45290,44859,45205,722207
2019-06-24,45118,45377,44773,44859,456089
2019-06-25,44859,45031,44514,44687,662608
2019-06-26,44428,44859,44428,44687,528833
2019-06-27,44686,44859,44169,44428,830880
2019-06-28,44341,45377,44341,44687,796806
2019-07-01,44514,44859,44341,44342,539730
2019-07-02,44341,45204,44255,44946,570900
2019-07-03,45118,45118,44428,44514,410447
2019-07-04,44859,45204,44514,45205,574992
2019-07-05,45204,45549,44945,45291,473158
2019-07-08,45204,45463,44600,44946,750891
2019-07-09,44686,44773,43996,43997,679868
2019-07-10,43910,44686,43737,43911,743606
2019-07-11,43910,44428,43910,43911,726821
2019-07-12,43910,45118,43910,44859,664811
2019-07-15,44859,45377,44859,44946,520603
2019-07-16,44945,45118,44341,44773,634429
2019-07-17,44600,44945,44341,44687,437114
2019-07-18,44514,45118,44514,44773,436679
2019-07-19,44945,45377,44514,44601,976797
2019-07-22,44600,44686,44169,44342,498764
2019-07-23,44428,44773,44169,44428,829048
2019-07-24,44169,44514,43824,43997,667048
2019-07-25,43910,44083,42875,42875,1132822
2019-07-26,42530,42789,42271,42358,1127786
2019-07-29,42702,42961,42098,42444,701493
2019-07-30,42271,42702,42098,42530,525257
2019-07-31,42530,43306,42357,42875,1270944
2019-08-01,41840,42443,41840,42099,1070267
2019-08-02,41840,43910,41581,43479,1640501
2019-08-05,43306,44083,43134,43565,1635029
2019-08-06,43306,43392,42357,42703,1406753
2019-08-07,42271,42443,42012,42185,1100771
2019-08-08,42098,42098,41494,41495,1726025
2019-08-09,41581,42098,41494,41754,843596
2019-08-12,41753,42098,41494,41581,604423
2019-08-13,41494,41581,40287,40719,1360699
2019-08-14,40804,41322,40632,41236,865557
2019-08-16,40718,40718,39510,39942,1711883
2019-08-19,39855,40200,39769,40115,736506
2019-08-20,40028,40546,39855,40374,817949
2019-08-21,40546,41236,40373,41064,873074
2019-08-22,41063,41236,40718,40977,874326
2019-08-23,40977,41063,40373,40891,634127
2019-08-26,40546,40718,40287,40632,560346
2019-08-27,40632,41063,40459,40891,823479
2019-08-28,41063,41581,40804,41064,683369
2019-08-29,41149,42012,40977,41409,856869
2019-08-30,41408,41581,40891,41322,1187321
2019-09-02,40977,41408,40977,41236,362434
2019-09-03,41149,41581,41063,41236,517845
2019-09-04,41149,41322,40977,41236,861616
2019-09-05,41236,41494,40718,40805,1268550
2019-09-06,40718,41149,40632,40891,732756
2019-09-09,40891,41149,40891,40891,604215
2019-09-10,40977,41494,40977,41409,1011503
2019-09-11,41408,41581,41063,41064,1566035
2019-09-16,41322,41408,40977,41236,3645649
2019-09-17,41149,41667,40977,41322,1026931
2019-09-18,41494,41667,41149,41150,773373
2019-09-19,41322,41494,41063,41064,791167
2019-09-20,41063,41322,40718,41150,1022811
2019-09-23,41236,41839,41149,41581,944004
2019-09-24,41408,41667,41322,41495,802480
2019-09-25,41494,41926,41408,41409,1093213
2019-09-26,41494,41581,41236,41322,623996
2019-09-27,41581,41753,41236,41322,657977
2019-09-30,41408,41667,41149,41668,725152
2019-10-01,41408,41494,41236,41236,744898
2019-10-02,41322,41494,40459,40546,973783
2019-10-04,40632,40804,40287,40460,640068
2019-10-07,40546,40632,39942,40201,724873
2019-10-08,40373,40718,39942,40546,671122
2019-10-10,40200,40804,40114,40201,1175926
2019-10-11,40546,41063,40459,40805,783267
2019-10-14,40804,41236,40804,40805,492024
2019-10-15,40804,41149,40804,41064,435682
2019-10-16,40977,41149,40804,40891,436088
2019-10-17,41063,41408,40891,41236,632881
2019-10-18,41149,41494,41063,41150,558184
2019-10-21,41236,41408,40977,41150,434529
2019-10-22,41149,41408,41063,41064,613563
2019-10-23,41063,41322,40632,40719,718602
2019-10-24,40804,41408,40804,41150,719541
2019-10-25,40891,41063,40632,40632,844616
2019-10-28,40891,41236,40718,40891,627387
2019-10-29,40977,41063,40546,40546,888329
2019-10-30,40632,40977,40373,40374,770904
2019-10-31,40459,40891,40200,40891,1266829
2019-11-01,40804,40977,40373,40719,742800
2019-11-04,40632,41149,40546,40719,891088
2019-11-05,40891,41149,40632,41064,1072197
2019-11-06,41149,41322,40891,40977,1153734
2019-11-07,41063,42185,41063,41926,1836071
2019-11-08,41926,42098,41581,41754,872523
2019-11-11,41840,42443,41667,41840,1119903
2019-11-12,42012,42185,41753,42185,881414
2019-11-13,42012,42185,41753,41754,740372
2019-11-14,41840,42012,41494,41754,1203091
2019-11-15,41840,42357,41753,42013,634452
2019-11-18,42012,42357,42012,42185,595411
2019-11-19,42098,42443,41753,42358,869857
2019-11-20,42185,42357,41926,42185,715965
2019-11-21,42357,42357,41581,41668,921186
2019-11-22,42098,42271,41840,42185,740117
2019-11-25,42185,42443,42185,42444,590392
2019-11-26,42271,42530,42098,42099,1229341
2019-11-27,42271,42530,42185,42271,531598
2019-11-28,42185,42530,42098,42530,448068
2019-11-29,42616,42702,42271,42444,941541
2019-12-02,42357,42443,41667,41754,1739083
2019-12-03,41667,41840,41322,41840,662127
2019-12-04,41494,41753,41063,41236,5718783
2019-12-05,41494,41926,40977,41064,750891
2019-12-06,41063,41322,41063,41150,820250
2019-12-09,41236,41494,41063,41236,730200
2019-12-10,41236,41667,41063,41409,651584
2019-12-11,41667,41839,41322,41581,856822
2019-12-12,41667,41926,41322,41322,2059236
2019-12-13,41494,41840,41322,41495,1178795
2019-12-16,41667,41840,41408,41668,785423
2019-12-17,41494,41667,41322,41495,1304850
2019-12-18,41494,41840,41408,41754,928575
2019-12-19,41581,42012,41494,41926,888584
2019-12-20,42012,42098,41753,42013,937072
2019-12-23,42012,42185,41840,42099,733382
2019-12-24,42012,42271,41840,41840,977510
2019-12-26,41926,42185,41840,42185,1474652
2019-12-27,41236,41236,40891,40977,1754019
2019-12-30,41236,41236,40891,41064,561969
2020-01-02,41149,41236,40200,40374,1540215
2020-01-03,40459,40632,39942,40374,1520433
2020-01-06,40200,40373,39855,39942,1306745
2020-01-07,40114,40373,39942,40201,792685
2020-01-08,39942,40287,39683,40115,1612617
2020-01-09,39942,40373,39769,40028,3096264
2020-01-10,40028,40200,39769,39856,1142507
2020-01-13,39855,40545,39855,40460,951081
2020-01-14,40632,40977,40373,40719,1396030
2020-01-15,40632,41063,40459,40977,1223748
2020-01-16,40891,41063,40459,40719,1285028
2020-01-17,40718,40977,40200,40546,1578589
2020-01-20,40632,40977,40546,40719,1393370
2020-01-21,40804,40891,40632,40805,526817
2020-01-22,40891,41149,40632,41150,840605
2020-01-23,41063,41063,40632,40891,1019037
2020-01-28,40287,40287,39769,40115,1850375
2020-01-29,40028,40114,39855,40115,740012
2020-01-30,40114,40114,39424,39511,1620789
2020-01-31,39769,39942,39424,39597,1279394
2020-02-03,39424,39510,38993,39079,1177758
2020-02-04,39165,39252,38734,39079,1317856
2020-02-05,39079,39079,38734,38821,1227898
2020-02-06,38993,39769,38993,39511,1465691
2020-02-07,39596,39683,39079,39425,1270938
2020-02-10,38993,39079,38648,38821,1226965
2020-02-11,38820,38993,38475,38562,1776420
2020-02-12,38561,39079,38303,39079,1461518
2020-02-13,39079,40114,39079,39425,2319082
2020-02-14,39424,39855,39079,39252,1065903
2020-02-17,39252,39597,39252,39338,591893
2020-02-18,39165,39165,38820,38993,951533
2020-02-19,39252,39252,38561,38821,994434
2020-02-20,38820,38906,38303,38303,1132289
2020-02-21,38130,38216,37612,37872,1286639
2020-02-24,37181,37699,36750,37527,1914031
2020-02-25,37440,37699,37181,37527,1337301
2020-02-26,37526,37526,37008,37268,1315236
2020-02-27,37181,37440,37009,37440,976472
2020-02-28,37354,37699,36318,36664,1749104
2020-03-02,36750,36750,35887,35888,1689024
2020-03-03,36232,36405,35628,35715,1303389
2020-03-04,36146,37871,35887,37872,2045975
2020-03-05,38044,38734,37871,38217,2164553
2020-03-06,37871,38475,37871,38389,2264491
2020-03-09,37871,38130,37354,37785,1652249
2020-03-10,37785,37785,37354,37699,1201718
2020-03-11,37267,37871,37009,37527,1438908
2020-03-12,37526,37526,35801,36491,2263077
2020-03-13,34334,34852,32781,33990,3886439
2020-03-16,34248,34421,33126,33300,2088969
2020-03-17,32264,33040,31832,32351,2470291
2020-03-18,32695,32868,31056,31057,1612165
2020-03-19,31056,31487,28468,29849,3337992
2020-03-20,30193,30797,29503,30194,2340672
2020-03-23,28641,29417,28295,28555,1978812
2020-03-24,28899,29589,28382,29504,2420893
2020-03-25,30021,30797,29848,30108,3999296
2020-03-26,29935,30366,29417,29849,3941819
2020-03-27,30884,31142,29848,30453,3040333
2020-03-30,29848,30711,29331,30366,2241852
2020-03-31,30797,31229,30280,30539,5759934
2020-04-01,30625,31487,30021,30194,3185555
2020-04-02,30452,31401,29848,31402,2656084
2020-04-03,31401,31660,31056,31574,2236369
2020-04-06,31746,32954,31660,32868,2419728
2020-04-07,33385,33730,32350,32868,2118157
2020-04-08,33126,34334,32609,33472,3107571
2020-04-09,34075,34248,33126,33386,2199426
2020-04-10,33385,33817,33299,33472,1134097
2020-04-13,33471,33471,32695,32782,1394634
2020-04-14,33213,33903,33126,33817,1569032
2020-04-16,32781,33903,32695,33903,2323835
2020-04-17,33989,34766,33989,34335,1621224
2020-04-20,34507,35283,34507,35111,1972732
2020-04-21,35024,36146,34766,36146,2943612
2020-04-22,35628,37009,35542,37009,2588521
2020-04-23,37009,37957,36750,37182,1857400
2020-04-24,36491,37009,36060,36146,1681286
2020-04-27,36146,37095,35973,36750,1388623
2020-04-28,36663,37440,36663,36750,1335568
2020-04-29,36750,37095,36491,36491,1656909
2020-05-04,35715,36405,35456,35974,1807608
2020-05-06,35973,36232,35369,35629,1749562
2020-05-07,35369,35887,35111,35715,1519865
2020-05-08,35973,36491,35542,35715,1456319
2020-05-11,35801,36060,35369,35370,1331395
2020-05-12,35369,36663,35283,36233,1851222
2020-05-13,36232,36663,35542,35629,1722640
2020-05-14,35628,35887,35369,35715,1537421
2020-05-15,35542,35628,35197,35197,1762794
2020-05-18,35369,35887,35283,35456,1387690
2020-05-19,35887,36232,35887,36060,1411766
2020-05-20,36060,36750,35973,36491,1427102
2020-05-21,37009,37095,36663,36750,1336194
2020-05-22,37009,37009,35887,35974,1400690
2020-05-25,36232,36663,36060,36578,990893
2020-05-26,36491,36750,36146,36578,1308269
2020-05-27,36577,36750,36232,36233,1745858
2020-05-28,36232,36750,36146,36578,1605586
2020-05-29,36405,37699,36405,37268,2706363
2020-06-01,37440,38820,37440,38734,2457888
2020-06-02,38648,39079,38303,38821,1905303
2020-06-03,39079,40028,38906,39683,2124381
2020-06-04,40028,40200,38993,39166,2029074
2020-06-05,38820,39079,38303,38562,1792666
2020-06-08,38906,39079,38389,38389,1440665
2020-06-09,38475,38820,37957,38131,1210788
2020-06-10,38130,38389,37785,37785,1478772
2020-06-11,37612,37871,36750,37095,2608303
2020-06-12,35887,36146,35542,35974,2674526
2020-06-15,35887,36491,34679,34680,2445212
2020-06-16,35197,36146,35111,36060,2037321
2020-06-17,35801,36146,35369,35715,1987419
2020-06-18,35456,35887,35197,35456,1508540
2020-06-19,35801,35887,35369,35542,1409651
2020-06-22,35456,36146,35369,35629,1380695
2020-06-23,35715,35973,35369,35456,1685291
2020-06-24,35628,35715,35369,35456,1261827
2020-06-25,35369,35715,35024,35025,1447028
2020-06-26,35197,36405,35024,35974,1787264
2020-06-29,35283,36060,35024,35715,1824885
2020-06-30,35887,36577,35715,36405,2006980
2020-07-01,37009,38734,36663,38303,5057213
2020-07-02,38648,39079,37699,38821,2594236
2020-07-03,38820,39338,38044,38131,1645132
2020-07-06,38216,38993,37785,38821,1631587
2020-07-07,39252,39252,37612,37613,2620700
2020-07-08,37612,38475,37526,37699,2170296
2020-07-09,37785,38044,37440,37613,1510777
2020-07-10,37440,37699,36922,37095,1644598
2020-07-13,37354,37440,36750,37182,1281498
2020-07-14,37181,38475,37009,37527,2174023
2020-07-15,37785,38389,37440,37613,1750049
2020-07-16,37440,37871,37267,37613,1411453
2020-07-17,37612,37957,37354,37440,1170982
2020-07-20,37440,37958,37095,37354,1514145
2020-07-21,37354,37612,37181,37182,1771030
2020-07-22,37181,37354,36922,37009,1799876
2020-07-23,36922,37009,36232,36491,2196575
2020-07-24,36146,36232,35801,35888,1657286
2020-07-27,35801,36491,35801,35974,1647856
2020-07-28,36146,37354,35973,36923,2424109
2020-07-29,36836,37612,36491,37354,2436953
2020-07-30,37267,38648,37009,37958,4249371
2020-07-31,37957,38561,37871,38044,4234030
2020-08-03,38216,38561,37699,37785,2424544
2020-08-04,37785,39338,37440,38907,4497812
2020-08-05,39165,39424,38561,39166,3657728
2020-08-06,39510,40028,37699,38044,6129062
2020-08-07,38561,39683,37785,39511,4976389
2020-08-10,39942,41408,39769,41064,4710665
2020-08-11,41408,41581,40114,40891,3074326
2020-08-12,40632,41753,40114,41668,3274672
2020-08-13,41926,42702,41494,41754,5538584
2020-08-14,41926,42098,40632,40891,3055472
2020-08-18,41236,41667,38820,39511,4262928
2020-08-19,39597,40373,39338,39856,2528702
2020-08-20,40287,40804,39079,39252,3906197
2020-08-21,39252,40977,39252,40632,3241172
2020-08-24,41494,41926,40977,41754,3117297
2020-08-25,41840,43392,41840,42703,3667036
2020-08-26,43134,43392,42271,42875,2863970
2020-08-27,43134,43306,42357,42358,3353740
2020-08-28,43392,43392,41322,41840,4901906
2020-08-31,42271,43134,41840,42789,13712050
2020-09-01,42443,42530,41667,41754,3062549
2020-09-02,42271,42271,41063,41840,2146724
2020-09-03,41753,41839,41236,41581,2145055
2020-09-04,40891,41063,40632,40977,2815105
2020-09-07,41236,42098,40718,42013,2125807
2020-09-08,42185,42271,41408,41668,1710260
2020-09-09,40891,41408,40459,41064,1789119
2020-09-10,41494,41753,41149,41409,1784702
2020-09-11,41667,42098,41581,41926,1461947
2020-09-14,42443,42789,42185,42789,1623658
2020-09-15,42875,42875,42098,42444,1405959
2020-09-16,42271,42357,41840,41926,1241153
2020-09-17,41926,42185,41581,42099,1057174
2020-09-18,42012,42098,41667,42099,1277650
2020-09-21,42098,42443,41494,41495,1240840
2020-09-22,41149,41408,40891,40977,1373525
2020-09-23,40804,40890,39855,40201,2040538
2020-09-24,40114,40200,39597,39770,1374389
2020-09-25,39942,40114,39683,39856,941048
2020-09-28,40028,40546,39942,40201,626917
2020-09-29,40804,41494,40459,41064,1308971
2020-10-05,41236,41926,41236,41495,1434753
2020-10-06,41322,42012,41149,41581,1050532
2020-10-07,41236,41753,41063,41581,1041891
2020-10-08,41494,41753,41408,41409,1350799
2020-10-12,41408,41581,41063,41322,1096847
2020-10-13,41408,41840,41236,41840,1071079
2020-10-14,41581,41667,38993,39770,4986891
2020-10-15,39855,40891,39338,40460,3790848
2020-10-16,40632,40977,40114,40460,1816087
2020-10-19,40804,40804,39855,40115,1384056
2020-10-20,40028,40287,39683,40201,1119822
2020-10-21,40114,41322,39942,41064,1204291
2020-10-22,40891,41149,40459,41150,1083262
2020-10-23,41063,41408,40891,41150,856562
2020-10-26,40804,41236,40373,40374,875039
2020-10-27,40200,40373,39769,40115,1148645
2020-10-28,39855,40287,39252,39597,2122208
2020-10-29,38993,39165,38130,38389,2258660
2020-10-30,38389,38389,36922,36923,2944284
2020-11-02,37095,37785,36750,37095,1691887
2020-11-03,37354,37957,37181,37785,2297713
2020-11-04,38303,38475,37699,37699,1748252
2020-11-05,38130,38647,37957,38476,2372700
2020-11-06,38734,39424,38647,39166,2065431
2020-11-09,39338,39510,38734,38907,1940953
2020-11-10,38906,39338,38303,39166,2814671
2020-11-11,38820,40028,38820,39770,2050872
2020-11-12,39855,40028,39338,39683,1795146
2020-11-13,39338,40373,39252,39597,2299376
2020-11-16,40287,40373,39683,40028,1962311
2020-11-17,40287,40459,40028,40115,1863184
2020-11-18,40114,40114,39683,39856,1815919
2020-11-19,39597,39769,39252,39597,1551528
2020-11-20,39424,39683,39338,39511,1337533
2020-11-23,39597,40028,39338,39856,1714416
2020-11-24,39855,40546,39510,40028,1750866
2020-11-25,40114,40287,39338,39511,2226209
2020-11-26,40114,40373,39855,40028,1596226
2020-11-27,40373,41063,40114,40546,2612928
2020-11-30,40891,41236,40373,40977,3048778
2020-12-01,40891,41063,40546,40805,1388809
2020-12-02,41063,41322,40546,41236,2274500
2020-12-03,41236,41494,40891,41150,2005960
2020-12-04,41236,41753,41149,41322,1756384
2020-12-07,41408,41581,41063,41236,1507311
2020-12-08,41236,41581,40977,41409,1329094
2020-12-09,41236,41667,41149,41409,1676893
2020-12-10,41494,41581,41063,41064,2310157
2020-12-11,41494,42961,41408,42616,3478195
2020-12-14,42702,43392,42616,42962,2744767
2020-12-15,43047,43134,42271,42444,1790527
2020-12-16,42616,42875,42271,42616,1174784
2020-12-17,42443,42616,42185,42444,1344314
2020-12-18,42271,42702,42012,42530,1614135
2020-12-21,42443,43134,42357,42962,1501266
2020-12-22,42789,42875,42098,42099,1345850
2020-12-23,42185,42530,41753,42271,1222056
2020-12-24,42616,42702,42357,42616,1026688
2020-12-28,42875,42875,42443,42616,2996911
2020-12-29,41753,41753,40804,40977,2798465
2020-12-30,41063,41236,40718,41064,1838905
2021-01-04,41149,41322,40546,40891,2488589
2021-01-05,40977,42443,40804,42444,3865441
2021-01-06,42357,43910,41840,43220,5243736
2021-01-07,43996,46929,43565,46585,7872144
2021-01-08,46498,47361,45204,45722,5830076
2021-01-11,45290,45377,43651,44428,6002248
2021-01-12,44686,45635,43306,43738,3444694
2021-01-13,44169,45031,43824,43997,2772772
2021-01-14,43996,44600,43479,44083,3071770
2021-01-15,44341,44514,43392,43393,3002683
2021-01-18,42961,42961,41753,42099,2965503
2021-01-19,42098,42616,41926,42271,2392591
2021-01-20,43134,43306,42098,42875,2543215
2021-01-21,42875,44428,42357,44169,3102372
2021-01-22,44514,44600,43479,43824,2151205
2021-01-25,43824,45463,43737,45377,2723675
2021-01-26,45031,45118,43824,43824,2687422
2021-01-27,44255,44686,43134,43307,2230272
2021-01-28,42530,43134,42185,42789,2473293
2021-01-29,43220,43479,41667,42099,2839993
2021-02-01,41667,42530,41581,42358,2117374
2021-02-02,42098,42875,41926,42271,2574431
2021-02-03,42789,42789,41753,42271,2433012
2021-02-04,42357,43651,41926,42616,2734635
2021-02-05,43220,44686,42961,44601,4314459
2021-02-08,44083,44255,43220,43479,1764619
2021-02-09,43651,43824,42702,42703,1949705
2021-02-10,42702,42702,42185,42444,2207112
2021-02-15,42616,42875,42271,42444,1718015
2021-02-16,42616,43306,42357,43307,2229588
2021-02-17,43220,43651,42789,43652,2238891
2021-02-18,43910,44428,43479,43652,2409765
2021-02-19,43651,43737,42702,43738,1804825
2021-02-22,43996,43996,42702,42789,1925420
2021-02-23,42789,43134,42185,42616,1565995
2021-02-24,42789,43479,42012,42013,2407481
2021-02-25,42271,43479,42271,43479,1984550
2021-02-26,42616,42961,42098,42703,3311859
2021-03-02,43220,43651,42702,42703,2151616
2021-03-03,42789,43565,42702,43565,1408167
2021-03-04,42961,43306,42443,42530,1850381
2021-03-05,42271,42443,41840,42099,1543988
2021-03-08,42961,42961,42098,42185,1344998
2021-03-09,42789,42961,41753,42789,1829858
2021-03-10,42961,43306,42616,43220,1576300
2021-03-11,43392,44341,43134,43565,3200149
2021-03-12,43996,44686,43910,43997,1719006
2021-03-15,44341,44341,43737,44342,1033052
2021-03-16,44514,44514,43910,44256,1365944
2021-03-17,44428,44686,44169,44428,1216184
2021-03-18,44428,44859,44341,44342,1171087
2021-03-19,43996,44341,43479,43911,1426244
2021-03-22,43824,44169,43479,44169,766111
2021-03-23,44341,44600,43047,43220,1786684
2021-03-24,42875,43479,42875,42962,1371421
2021-03-25,43047,43737,42961,43738,1223661
2021-03-26,44428,47965,44255,47275,6386747
2021-03-29,47102,47792,46239,46412,2281780
2021-03-30,46929,47447,46239,46326,1578201
2021-03-31,46584,48051,46326,47447,2646387
2021-04-01,47965,48482,47016,47793,1960810
2021-04-02,48137,48568,47792,48483,1623084
2021-04-05,48223,48396,47361,48138,1174610
2021-04-06,48051,49086,47792,48569,1379350
2021-04-07,48568,48655,47792,48483,1273065
2021-04-08,49086,49259,48310,48310,2034070
2021-04-09,48310,48568,47447,47706,1923201
2021-04-12,48137,49000,47792,48828,1410897
2021-04-13,49604,52019,49517,51761,3714307
2021-04-14,51070,51157,50035,50639,2539569
2021-04-15,51502,52623,50725,51847,3251529
2021-04-16,52278,53313,51588,52106,1934137
2021-04-19,52192,52278,51329,51933,1387910
2021-04-20,51415,52882,51329,52624,1288198
2021-04-21,52364,52709,51588,52106,1132138
2021-04-22,52537,53658,51847,53573,1672019
2021-04-23,53572,54694,53227,54263,1657958
2021-04-26,54003,54607,53486,54608,1432823
2021-04-27,54780,55039,54176,54867,1119579
2021-04-28,54607,55039,54003,54521,1157316
2021-04-29,54176,54435,52105,52365,1673543
2021-04-30,52192,52623,50898,52365,1691655
2021-05-03,52192,53227,51760,52451,1205305
2021-05-04,55470,55556,51933,53055,3027907
2021-05-06,53400,54607,53054,53400,2241829
2021-05-07,53831,54090,53572,53831,1181670
2021-05-10,53658,54952,53658,54953,1547784
2021-05-11,54435,56074,53745,55125,2478962
2021-05-12,55125,55384,52968,53486,2403662
2021-05-13,53227,54348,52882,53918,1822822
2021-05-14,54262,55815,54262,54694,1851708
2021-05-17,54607,55039,52451,52969,1630584
2021-05-18,53313,53658,52192,52882,1666646
2021-05-20,52364,53054,51933,52796,1440282
2021-05-21,52968,54348,52882,53400,2259170
2021-05-24,52796,54521,52796,54263,1745644
2021-05-25,53831,54694,53745,54176,1928313
2021-05-26,54090,55729,53917,54953,1847118
2021-05-27,54780,55297,54003,55212,2447021
2021-05-28,55729,56419,54607,54694,1495128
2021-05-31,54952,55556,54607,54694,906076
2021-06-01,55039,56850,54694,56592,1829794
2021-06-02,56246,57368,56074,56937,1343444
2021-06-03,56850,57282,56074,56678,1469702
2021-06-04,55901,56505,55211,55298,1510192
2021-06-07,55642,55988,55211,55816,1454465
2021-06-08,55988,56764,55901,56592,1564627
2021-06-09,56419,56764,55642,56506,1587028
2021-06-10,58317,58576,56591,56592,2917640
2021-06-11,57627,58576,57454,57627,2012301
2021-06-14,57799,58058,56850,57455,922745
2021-06-15,57627,57972,56591,56937,811678
2021-06-16,56591,56936,56419,56592,1006084
2021-06-17,56246,57195,56246,56506,1363574
2021-06-18,56419,56678,55901,56333,2230046
2021-06-21,55729,56160,55125,55384,1827030
2021-06-22,55470,55729,55211,55384,922182
2021-06-23,55470,56678,55125,56247,1069056
2021-06-24,55988,57109,55556,56419,1056073
2021-06-25,56160,56591,55901,56333,877398
2021-06-28,56160,56850,55901,56851,1025175
2021-06-29,56160,56419,55815,55816,934748
2021-06-30,55729,55988,55211,55212,1154986
2021-07-01,55211,55297,54176,54349,1100672
2021-07-02,54607,55211,54521,54953,688672
2021-07-05,55125,55297,54780,54867,563649
2021-07-06,55211,55384,54694,54694,696068
2021-07-07,54435,54694,54003,54263,957352
2021-07-08,54003,54780,54003,54694,1141226
2021-07-09,55125,55988,54694,55557,2125680
2021-07-12,55901,56591,55642,56333,1037590
2021-07-13,56333,56937,55901,56161,1176001
2021-07-14,55729,56074,55211,55212,913767
2021-07-15,55470,55815,54866,55212,969175
2021-07-16,55039,55815,54866,55557,638880
2021-07-19,55211,56764,55211,56333,844918
2021-07-20,56074,56246,55211,55902,966422
2021-07-21,55470,56074,53400,53831,2437625
2021-07-22,53831,54521,52968,53400,2136037
2021-07-23,53486,53486,52278,52624,2144765
2021-07-26,52796,53313,52105,53141,959154
2021-07-27,53141,53400,52364,52451,811330
2021-07-28,52451,53658,52278,53659,1082398
2021-07-29,53745,54348,53658,53918,845149
2021-07-30,53831,53831,51933,51933,1948795
2021-08-02,52192,52451,51157,52106,1196687
2021-08-03,52192,53054,52019,52796,655045
2021-08-04,52364,53054,51933,52882,813463
2021-08-05,52796,53400,52537,52882,716927
2021-08-06,52709,53141,52278,52710,729185
2021-08-09,52623,52709,51933,52106,741826
2021-08-10,52192,52623,51847,52192,702878
2021-08-11,52451,52709,50380,50639,1885110
2021-08-12,53054,54003,52019,53918,3985433
2021-08-13,54090,54090,52623,52796,1610924
2021-08-17,52796,53054,50208,50467,2756978
2021-08-18,50811,51847,50811,50812,1734272
2021-08-19,50898,51243,50035,50036,1440323
2021-08-20,50294,50380,48741,49087,2336354
2021-08-23,50208,51070,49517,50553,1579650
2021-08-24,50639,51415,50466,51071,1287149
2021-08-25,51329,51933,50466,50726,1521836
2021-08-26,51502,51847,49863,50122,1892123
2021-08-27,50294,50553,49517,49690,1271941
2021-08-30,50380,50639,49776,50294,2117021
2021-08-31,50380,52709,49949,51416,18186985
2021-09-01,52019,54176,51847,54004,4494154
2021-09-02,53572,54003,52968,53141,1968188
2021-09-03,53054,53400,52278,52710,1548427
2021-09-06,52623,53658,52019,52796,1595113
2021-09-07,52451,53054,51674,51847,1637070
2021-09-08,51674,52796,51674,52020,1926301
2021-09-09,52105,52968,51933,52020,2836834
2021-09-10,52364,53400,52192,52969,1353639
2021-09-13,52537,52882,52019,52192,1000850
2021-09-14,52451,53054,52192,52365,822679
2021-09-15,52192,52709,52019,52279,1009208
2021-09-16,52278,52709,52105,52106,708964
2021-09-17,52105,52451,51847,51933,1516533
2021-09-23,51588,53658,51502,53486,1916761
2021-09-24,53572,53831,53054,53227,1027047
2021-09-27,53054,55988,53054,55039,2425651
2021-09-28,54866,55297,54348,54435,1796763
2021-09-29,53745,55642,53572,55039,2171942
2021-09-30,55384,56764,55211,55902,3089436
2021-10-01,55815,56591,55556,56419,1784569
2021-10-05,55815,56764,54952,55212,2884268
2021-10-06,55384,55729,54262,54263,1904683
2021-10-07,54780,55297,54176,54435,1728859
2021-10-08,54176,54435,52105,52537,2591865
2021-10-12,52537,53486,51847,51847,2189910
2021-10-13,52192,52882,51847,52192,1734788
2021-10-14,52537,52796,51588,52192,2137729
2021-10-15,52019,52451,51674,51761,2084865
2021-10-18,51847,51933,50553,51071,2366736
2021-10-19,51415,52451,51157,51675,1827099
2021-10-20,51760,51847,50898,51502,2031763
2021-10-21,51760,52278,51157,51416,2404357
2021-10-22,51588,54090,51502,53831,3649527
2021-10-25,54435,54952,52623,53400,7247035
2021-10-26,0,0,0,53400,0
2021-10-27,0,0,0,53400,0
2021-10-28,0,0,0,53400,0
2021-10-29,0,0,0,53400,0
2021-11-01,0,0,0,53400,0
2021-11-02,0,0,0,53400,0
2021-11-03,0,0,0,53400,0
2021-11-04,0,0,0,53400,0
2021-11-05,0,0,0,53400,0
2021-11-08,0,0,0,53400,0
2021-11-09,0,0,0,53400,0
2021-11-10,0,0,0,53400,0
2021-11-11,0,0,0,53400,0
2021-11-12,0,0,0,53400,0
2021-11-15,0,0,0,53400,0
2021-11-16,0,0,0,53400,0
2021-11-17,0,0,0,53400,0
2021-11-18,0,0,0,53400,0
2021-11-19,0,0,0,53400,0
2021-11-22,0,0,0,53400,0
2021-11-23,0,0,0,53400,0
2021-11-24,0,0,0,53400,0
2021-11-25,0,0,0,53400,0
2021-11-26,0,0,0,53400,0
2021-11-29,53400,59999,50000,57900,11028540
2021-11-30,57100,57200,54000,54500,4709252
2021-12-01,54400,55500,52600,54600,2374823
2021-12-02,53600,55600,53500,55400,1402831
2021-12-03,56100,57000,55200,56800,1422693
2021-12-06,56400,56900,55000,55700,1228089
2021-12-07,55700,56100,55200,55800,1226437
2021-12-08,55700,56400,55000,55100,1141535
2021-12-09,55200,55900,54500,55900,1291113
2021-12-10,55700,56300,55100,55800,709057
2021-12-13,55800,57200,55600,56000,1006317
2021-12-14,55600,56200,55300,56200,764960
2021-12-15,55800,56700,55600,56000,748930
2021-12-16,57500,58900,56800,58700,1818142
2021-12-17,58700,61600,58700,60900,1924844
2021-12-20,61300,62000,60500,61000,829333
2021-12-21,61500,62500,61200,61800,1199899
2021-12-22,61800,62800,61700,62600,964673
2021-12-23,62400,63100,62000,62700,617366
2021-12-24,62700,63000,61400,61700,812897
2021-12-27,61700,61800,60500,61300,806214
2021-12-28,61400,61700,61100,61300,1066752
2021-12-29,59800,59900,58100,58300,1356361
2021-12-30,58200,58300,57200,57900,840690
2022-01-03,57600,57900,56300,57200,754362
2022-01-04,57000,57200,56300,57200,957080
2022-01-05,56900,58900,56800,58300,1213826
2022-01-06,58200,58900,57600,57900,953429
2022-01-07,57400,57900,56000,56400,921007
2022-01-10,56000,57100,55500,56500,705212
2022-01-11,56000,56900,55600,56200,643813
2022-01-12,56200,56600,55800,56100,899772
2022-01-13,56100,56500,56000,56300,714315
2022-01-14,55700,56800,55500,56300,628223
2022-01-17,56500,56800,55700,55800,464691
2022-01-18,55900,56900,55600,56200,934247
2022-01-19,55900,56600,55200,55800,788634
2022-01-20,56200,56900,55800,56800,675707
2022-01-21,56300,57400,55800,57300,758372
2022-01-24,57200,57300,56300,56300,540013
2022-01-25,55800,56900,55500,56300,739638
2022-01-26,56500,57500,56000,56600,564628
2022-01-27,56100,56600,55000,55500,917325
2022-01-28,56200,56400,55000,56400,1076375
2022-02-03,56000,57300,55900,56300,1169316
2022-02-04,56500,56700,56100,56400,775347
2022-02-07,56300,56500,54800,55400,1054979
2022-02-08,55900,56400,55500,55900,962219
2022-02-09,56500,56800,56000,56200,749646
2022-02-10,56000,56300,55200,55600,1144645
2022-02-11,55000,55400,54800,54900,827091
2022-02-14,54900,55100,54400,54700,489020
2022-02-15,54900,55300,54400,54800,552983
2022-02-16,55600,55600,54900,55300,452892
2022-02-17,55500,55900,55100,55500,541061
2022-02-18,55500,55500,54900,55000,262007
2022-02-21,54500,55000,54300,54700,300738
2022-02-22,54400,55000,54200,55000,419739
2022-02-23,55100,55200,54800,55000,273854
2022-02-24,54600,54700,53800,54000,618172
2022-02-25,54100,54400,53700,53900,330995
2022-02-28,54100,54700,54000,54600,620228
2022-03-02,54300,55200,54000,54500,694441
2022-03-03,54600,55100,54600,54900,432559
2022-03-04,54900,56400,54400,56400,1026361
2022-03-07,55600,56600,55400,56400,737099
2022-03-08,56500,57000,55400,56200,688113
2022-03-10,56700,57000,56300,57000,676237
2022-03-11,56800,57300,56500,57100,317526
2022-03-14,57100,59800,57100,59300,856350
2022-03-15,59800,59800,57600,57800,527352
2022-03-16,57500,58500,57000,58000,422455
2022-03-17,58500,59000,57100,57200,678533
2022-03-18,57200,58100,56700,58100,834171
2022-03-21,58100,58500,56600,57100,590105
2022-03-22,56800,57800,56800,57200,408999
2022-03-23,57800,58500,57600,58100,468144
2022-03-24,58100,58200,57300,57300,337610
2022-03-25,57200,57700,56600,57000,468127
2022-03-28,57100,58200,56800,58000,459120
2022-03-29,58500,58800,58200,58300,575817
2022-03-30,57900,58100,56100,56300,930642
2022-03-31,56400,57000,56200,56900,474771
2022-04-01,56300,57200,56200,57200,488696
2022-04-04,57100,58500,56800,58500,609911
2022-04-05,58000,58100,57400,57700,314559
2022-04-06,57700,58100,57100,57900,339576
2022-04-07,57200,58200,57200,58000,550329
2022-04-08,58500,60500,58300,60500,1380058
2022-04-11,59900,62600,59500,62500,1200157
2022-04-12,62000,63100,61100,62500,1035731
2022-04-13,62900,63100,61500,61500,634856
2022-04-14,61300,61300,59400,60500,1160788
2022-04-15,60000,60200,58500,59500,1083415
2022-04-18,59100,60100,58800,59800,369109
2022-04-19,60000,60700,59900,60400,396501
2022-04-20,60500,61900,60300,61300,784374
2022-04-21,61800,62000,61300,62000,614446
2022-04-22,61300,61900,61100,61600,500407
2022-04-25,60800,60900,59500,59600,456090
2022-04-26,59700,59800,58500,59000,808373
2022-04-27,58100,58300,55800,56800,1696978
2022-04-28,56900,56900,55100,56700,1247497
2022-04-29,56800,57300,56700,57000,640368
2022-05-02,56800,57200,56300,57000,303132
2022-05-03,56900,57800,56700,57800,438613
2022-05-04,57800,58500,57700,58200,431757
2022-05-06,57900,58800,57800,57800,662434
2022-05-09,57800,58300,57400,58100,897537
2022-05-10,58000,59100,57000,59100,580566
2022-05-11,58700,59600,58200,59600,569018
2022-05-12,59700,59800,58900,59800,841386
2022-05-13,60000,61900,59400,61000,1186612
2022-05-16,61200,61200,59100,59100,439917
2022-05-17,59400,60700,59100,60500,841696
2022-05-18,60800,61000,58700,58800,811550
2022-05-19,58600,58700,57500,57800,942599
2022-05-20,58400,59400,57700,58200,883914
2022-05-23,58200,58400,57000,57300,684768
2022-05-24,57100,57600,56500,56500,687355
2022-05-25,56700,57100,56400,56400,615717
2022-05-26,56400,57100,56300,57000,603554
2022-05-27,57500,57600,56800,57200,508199
2022-05-30,57600,58100,57000,57100,504675
2022-05-31,57300,57500,56400,57100,1662498
2022-06-02,56800,57000,56100,56200,879165
2022-06-03,56400,56800,56300,56600,402600
2022-06-07,56400,56600,56100,56200,607284
2022-06-08,56300,56600,56200,56200,163607
