1,2,3,4,5,6,7,8,9,10,11,12,13,14,15,16,17,18,19,20,21,22,23,24,25,26,27,28,29,30,31,32,33,34,35,36,37,38,39,40,41,42,43,44,45,46,47,48,49,50
81.28992736,47.66793272,74.49425185,9.683159585,30.45839559,37.71029115,62.14559135,90.82007432,2.520960482,72.19451743,68.17924834,38.23372092,14.89432422,92.62486031,11.38316913,29.62686108,24.94595064,52.46439119,48.77867793,71.58452368,49.64658908,89.51930043,2.458308685,52.48926954,43.74810454,30.80554981,85.34037017,51.95630363,97.42255529,83.66210046,86.27929392,23.48266318,34.1640544,78.29013681,31.65376168,57.95379053,85.80251054,1.200164857,92.83311444,90.0644164,72.03914758,35.45149111,4.511263096,3.678559313,57.77103722,12.47654932,6.267248414,58.58352761,66.72087847,9.287564286
40.00916903,57.00454806,71.86339311,98.37936945,11.703188,34.97868038,63.78358085,72.74318232,92.95719471,54.27830683,80.88476048,28.76843327,10.9978266,61.2430203,68.38444902,4.496642565,14.11522596,46.83161574,3.08778396,46.93934233,55.1185789,2.34551007,21.25470935,11.32708236,15.10536072,40.8949313,89.01273333,89.83185759,37.12587215,91.68004093,96.38514669,42.99245737,27.96691794,42.23242969,25.51710192,23.85890396,31.63346,55.7892687,43.1292787,72.68025267,31.16930024,55.90280037,24.72307574,6.410087519,2.220651217,70.65280448,72.96975503,79.48339592,73.49958465,47.47140608
62.49282681,69.57660943,73.26994325,62.80198104,43.24817199,96.63588876,50.25174338,4.270961029,47.49826741,69.7168083,15.28825349,48.3419909,61.47801803,13.03879846,10.65809602,5.895452378,15.77780701,79.68778092,29.76504257,62.69774941,1.188199337,64.80105276,92.34146745,5.758396356,4.35026117,23.25536881,14.8033146,64.32596874,26.59931482,73.3587775,59.00690986,72.21013678,33.03835231,95.20645559,26.76586768,21.36780998,70.83296933,91.59424671,17.41341406,75.14641266,47.05850758,22.45630306,4.568771353,68.7654335,55.38814648,3.895021336,7.680207493,43.85836149,63.23197948,1.703276825
21.55530229,1.931484869,9.608662166,96.7770768,38.99201404,20.21813471,82.15035975,24.85667066,51.79464584,59.36532206,18.53440533,23.51225124,63.06791927,71.14079022,22.09685249,66.57520665,61.0802478,76.91815784,57.0366708,80.43115578,28.08599804,52.8290522,86.39773911,31.26017837,23.34491185,95.54091979,30.22002883,55.42540158,63.52160454,21.05330889,72.96190273,89.94590036,76.09687735,16.88528672,91.90094063,47.26756393,95.64017879,1.828797631,8.85154402,29.17085489,26.00599909,83.57761104,30.73987915,47.92838826,93.95016358,62.03713335,7.831248069,49.42762392,58.93217893,48.89853064
65.98434002,69.98825557,99.2566838,33.3813679,86.70047099,67.23046079,82.74175999,70.81764015,70.05100019,75.99559582,25.4400632,23.79374021,20.4889396,46.01547145,71.7536663,22.39579941,28.1675187,30.88985974,72.06714952,68.5864776,3.713165953,24.946874,62.01722671,66.55129595,65.43429707,84.55554117,78.56607533,11.28245712,16.56077037,65.62598429,94.02546832,23.8221015,31.22866535,73.78471439,17.90641513,27.70149159,4.657597491,49.98926169,63.43260593,38.2573785,25.34719849,16.44854383,2.149297569,25.64758315,99.44307992,7.710542148,31.24281653,60.91325994,39.84935159,5.460018387
34.34876699,18.26475936,89.27746892,5.128942771,64.18826138,30.95036963,39.20920151,49.53819147,49.10689472,34.76539495,53.40740273,16.42656761,30.72024915,90.980726,21.10358799,98.53283074,45.66813211,70.67831082,53.42492389,85.4083198,80.1295939,51.20182111,98.99743863,17.18789766,60.16291007,97.11762139,99.94529145,35.53825347,78.00081142,28.9199073,33.36836366,69.26889991,19.41578574,18.71220911,9.477252781,90.14893087,80.83776771,67.93281383,15.29690539,80.39616933,95.71721077,45.52294314,16.85279753,96.35672961,92.9272847,29.2534494,56.6466206,47.45836622,16.61996558,53.66458051
69.17705418,14.68021004,83.36710793,78.99394038,60.81725798,90.56061573,36.80320759,39.67260257,42.92986488,50.0684724,48.84475886,91.06823996,92.5313238,62.76546692,74.54902599,69.9318062,88.10137099,31.34447442,43.85857837,9.312920666,34.94507541,54.60741326,64.40324269,81.48081519,78.73485394,81.70696811,2.717889566,10.03482839,28.51626912,39.218248,98.0861006,97.82325378,75.57837464,37.25168313,73.44089209,80.41275936,53.76930865,74.37162286,9.391333294,83.71660132,37.58164614,63.40521193,88.30807483,67.73753487,77.1482489,37.96111899,89.06440265,2.49451341,19.24717358,35.43507318
29.64955406,11.4213766,26.58238768,98.42322921,37.1175005,1.525135605,58.81247392,49.77970877,84.42173059,94.80093937,31.12464007,74.4196358,52.71297565,55.58080564,91.46330655,98.38622033,51.21700791,80.24900618,18.55480734,91.22342169,78.70194147,76.3575395,28.88982275,83.26782526,19.65944748,14.09674329,7.660390822,61.62187401,88.96512316,33.77169718,71.96797354,15.04183705,83.70177128,41.36562249,60.59434852,26.20594981,62.02700619,52.82746217,39.31493835,66.3218411,38.0174993,21.7464191,3.729195738,11.97301626,23.85959437,22.97135444,30.15706522,57.65492825,30.50840156,83.16760563
17.34324574,52.73830565,53.33378057,82.15542188,51.52498094,92.12661536,88.33229092,39.27517794,60.16568118,49.69932916,28.21631389,64.90552314,70.82583296,4.466023593,23.7297842,72.53934415,19.790409,52.04037527,45.10275488,73.64161327,72.44297703,88.09223271,78.97575927,54.82633266,59.25917145,65.8427632,89.8135069,82.86290443,44.18009493,24.32436926,82.96773162,65.0778364,14.19414097,47.33231819,59.85362535,72.52373871,41.63680502,25.44374116,2.938412677,72.35571293,61.84451003,70.55102328,81.63841273,22.13548404,59.93662465,80.96993101,64.38527909,23.46950786,14.69965817,37.11657641
32.44920912,82.96404005,79.36587602,69.42324545,35.83177856,55.26853287,53.04147299,32.20902516,15.78759724,88.46165145,10.91966028,43.19442069,63.64506751,15.45109768,30.47999866,88.58927435,82.71122845,72.36673542,46.14101326,64.15412652,79.13249986,49.19491558,4.41261556,50.63204965,17.32699406,72.89317005,70.43826694,3.585565737,85.19271282,79.68216979,66.7649959,26.94297161,97.71494726,94.13775513,92.66517778,51.80974544,75.78463725,3.332031178,1.854796678,82.76766652,94.00459747,52.95444481,95.09133317,50.91813899,51.07489626,19.9658299,24.38764732,5.58782577,33.65672356,72.95674578
9.15655683,58.99620876,58.41090307,89.53805843,64.51435085,41.67002884,71.97309333,9.927157222,33.11490721,39.79543802,2.699148909,41.97644115,41.57928174,51.34608624,26.52451163,83.3400267,68.13966689,12.87084447,18.62820738,43.42470943,78.00759036,52.94594629,51.01168695,63.506617,62.12323322,30.72311266,95.30455588,45.89202795,90.78099042,44.24236284,51.25078133,54.67103615,40.47869013,63.44376367,28.84017207,42.34126522,91.78154738,12.889685,46.89797262,80.90640323,21.65913357,21.40118771,75.34677032,78.94598009,96.30691048,14.20188105,57.00802695,59.48101342,86.37334136,64.64820651
52.67380447,20.76365196,15.8854548,59.22351831,30.00736888,93.25467022,75.29443287,64.76994163,15.97379739,65.00177437,8.722026685,91.97107854,74.81650827,46.71309826,57.8622333,32.49665179,64.22672689,20.82478687,22.68657192,45.19472015,31.63396902,85.34196615,39.44034731,21.83160961,45.20627496,69.86422443,23.81686128,41.15624207,83.25496163,72.12618725,72.44935904,16.42656751,70.17647583,29.52017764,64.36832048,86.7397359,25.26921694,82.68155439,79.64616197,60.89937875,37.41750036,24.68218342,52.85861921,34.20353538,23.82080949,69.38334754,55.40862967,37.38582446,71.95884865,65.11675883
80.61994798,73.64132883,80.43845835,5.98614698,75.54513532,48.8468045,11.50113472,84.86404155,95.07177439,99.70369781,91.96147966,72.37442152,82.75704107,66.08409708,62.0619687,85.06842658,28.82730834,94.03013994,82.24361802,19.99351949,27.21462796,80.29203944,88.12191692,60.79133022,38.81159429,86.33805721,65.99574944,70.7913535,96.63031346,96.84533117,80.45767275,79.0972935,17.29668318,37.40663752,15.60695658,23.25839373,2.416755062,88.91312108,87.1771421,20.76289515,94.54306461,70.89519013,26.23598999,27.11667268,79.68867681,14.08157536,5.01487081,33.22414952,59.4320023,98.58202613
45.75316946,62.73523149,4.4772249,32.1681275,19.59889844,40.48186745,46.9928828,56.2242781,80.45745833,95.94556457,81.81767646,21.76215104,15.65122656,54.87988182,59.19485475,5.371022989,81.08875961,72.207886,45.72634537,79.67414704,32.40245216,36.2886651,77.82693921,95.90424789,0.798154911,19.01693029,58.7200114,93.6890507,68.35499995,15.66212824,67.41211034,99.04094914,54.5516428,64.71489036,95.383881,20.69575829,80.51090438,75.72540515,4.295575304,20.52306713,25.88896672,5.80197271,53.35663014,13.19327802,79.62342487,77.35284769,94.88761828,10.50134235,47.82264283,55.78132264
30.04179562,81.31141459,97.01403945,20.18706355,4.733581387,86.20168078,10.03429617,94.36529785,48.1815405,73.22018866,61.57951733,63.54069202,61.16502332,59.96670653,43.88506195,30.73483436,91.77920555,12.86016434,97.73445874,85.12887655,20.13823385,82.18011613,29.8467222,21.57589791,38.47472441,55.12445283,92.29105056,32.82273748,35.37328964,50.94455591,83.03321103,62.74477745,70.81997904,34.09770064,20.56157536,73.40015421,70.46996656,48.96459477,63.74661862,66.67947417,87.30531854,40.99899329,2.028645245,88.3808277,44.53105013,3.058358895,73.97861897,45.47279422,20.99334512,46.50573698
75.99632063,83.17438212,24.65599203,65.77581338,10.64009791,1.153643365,62.37245592,85.07970063,15.74967745,10.31336575,68.84114469,41.69477114,11.47518785,37.77986186,96.09896196,23.64298202,61.20567596,98.33194543,34.21430062,53.46495851,52.5736575,97.97843631,46.19152589,33.94196994,35.66900279,28.84127892,53.57156624,74.80173228,1.331523376,32.77761888,26.00311719,75.6617875,29.06534345,75.88942346,72.02527612,78.8163339,64.94731449,86.75559584,71.72117905,68.32971833,76.17704632,16.78199149,84.03255481,64.70698322,79.51796685,58.99903304,14.12436762,59.79943119,58.34944562,43.90054369
65.97879822,56.91441606,14.75217709,67.24085549,15.96696892,35.27554183,75.00789739,40.25996177,27.55466257,77.07013057,94.17586207,8.532731874,51.16732232,70.08468652,88.29568159,95.46466784,26.75446138,33.3657484,61.71380341,12.35156548,75.05875968,58.16296306,44.84694897,80.74452059,37.34469306,22.5808384,93.07931136,53.06730607,5.340354411,52.32425137,52.47532417,80.32094927,29.88059538,4.318470973,64.57358551,81.18861414,32.79039932,75.79485421,85.70459315,13.12895534,24.35341006,40.89800224,24.88626232,29.86879434,0.141375155,29.95969243,48.07767333,89.21537878,3.475496247,2.57212421
13.90179408,57.27824537,66.50979527,72.62270764,59.80786237,97.8853383,48.12464174,76.0376475,62.61759307,83.06371758,65.02251417,71.63971643,91.56325654,36.50582042,75.37305177,71.07069345,77.88133393,61.25086134,1.337813686,20.02220623,27.88786427,94.7851851,86.22968959,17.72904959,87.54774806,56.37943127,54.12556144,20.99538814,86.45114291,44.29881966,90.13348491,46.75353839,71.64528428,70.18875253,49.58480496,61.59557,51.7952282,79.61488017,45.75943632,79.3676836,66.04115724,42.32015257,50.61327136,4.275042717,5.833014423,16.33563422,12.04803222,35.73840422,65.09437395,82.72168024
10.93637503,65.13125875,41.32965252,19.5681684,60.35086318,1.332896796,77.83801467,77.33363058,38.61601105,23.53915422,10.57243905,35.16655463,17.89001732,19.52774851,53.75305125,59.4737165,62.30414025,52.44382526,18.80496517,34.96063772,45.2223935,58.79979397,6.987879903,3.924608905,31.10586581,67.84563496,1.014382681,59.23182267,84.5938817,19.09631591,98.88256674,97.72860128,24.6701794,43.41063098,65.74472214,38.24240845,24.96158225,16.35805861,98.67290781,51.63263021,81.88632126,67.55991456,79.93959106,58.36988941,12.90805262,9.754544308,49.2243257,75.45666307,9.387438748,75.80493967
35.44100024,82.72698562,88.20455284,23.92357439,31.10726982,74.98618583,37.52677597,96.32471886,51.17847292,2.436497754,39.91741466,34.58784614,51.68279121,74.07636204,47.04015682,48.39079815,40.90336866,28.69678993,72.6396952,96.95265092,43.66891184,68.99641968,29.87246412,38.83015166,99.8365379,25.97138762,60.58213009,83.31234034,26.72137624,40.69102704,37.71604114,24.05186207,56.51426119,89.99368106,57.04149426,35.64935064,32.13938023,2.411120927,26.90766045,4.862715197,58.58626318,57.82754815,43.95078467,24.96097582,40.38594865,42.39455731,44.6605171,49.06171982,88.85331865,78.16838682
38.9846442,12.23960725,46.93382435,78.28210262,94.24398157,90.56425926,52.86513341,85.07536777,97.19553849,75.81120111,76.0390804,84.06958045,0.599328798,6.376904283,52.70317847,97.02110723,71.77264471,92.08306432,6.947707129,2.624917716,10.65119071,88.45605299,22.2164933,69.76002589,48.5305464,17.15667784,36.20637036,80.59612974,63.51036984,84.04904328,95.88624897,33.67001101,46.44044971,12.0422698,68.48723739,40.12677656,64.81736431,64.61141751,86.29544943,18.01641024,30.32530677,13.94255274,39.66442901,32.17961832,34.18387446,41.95439104,3.728612021,71.28725534,35.57410071,19.2731608
15.26228599,35.96613938,44.518834,17.31525952,61.7518203,43.50011484,4.083499199,91.89628555,55.0429615,33.92630623,32.77562388,76.91186063,51.66741183,75.63468931,12.93621604,39.32741573,52.63178595,99.44914138,74.48821052,80.52777288,97.94612282,13.14275053,8.234583654,71.35250884,54.91350669,27.27372521,90.44593127,87.61062477,11.79137535,12.75483879,68.85353586,74.5373223,95.81183106,15.22156557,52.03991915,55.99605577,7.88215915,48.03080376,31.9335161,33.37441374,89.17498301,97.76236151,38.04659659,37.58611997,29.01634484,21.07053801,38.84122383,94.73730487,95.27156174,46.81176716
19.36141246,43.61794599,7.525156505,53.24005874,37.13457929,84.53432617,1.216515566,84.87545559,71.18357281,74.71769594,40.08625123,29.01510039,85.62727141,0.491362744,70.51208805,61.84450415,18.80416661,5.335457084,23.07367484,29.01478166,19.34428514,46.50892254,18.40825809,53.02618947,39.92757874,5.81799931,94.18676602,16.05077779,28.72329227,66.2061756,73.91252372,43.34660786,42.04587206,36.18412187,63.09496814,81.68610531,23.12204742,7.637043569,2.118798967,16.18927835,20.44900327,9.806061857,87.8845487,10.93663999,68.13683028,23.41683934,79.59049849,98.82493871,24.11569457,46.9576492
84.58943426,2.783979234,6.874032661,14.59085556,24.2304621,0.023636209,23.86933249,54.16000493,77.91174161,11.61455927,53.85247001,68.78899701,13.67985025,84.48767812,21.56298992,99.93492921,56.89926337,45.39422166,95.18323723,89.2104069,81.3836258,88.66023861,26.20568342,64.58253936,44.90672032,61.8969813,90.61793472,14.97044719,39.5754032,31.00705457,26.51484695,99.14827918,49.49247759,61.24468959,34.39783552,6.377100949,71.76853754,21.62425349,71.09016039,31.28793201,40.66990404,6.922995865,19.61689871,3.900822951,82.09496613,75.52597794,94.03516575,3.87215581,90.91455402,65.96945078
1.568078048,51.28869599,6.765017323,6.429346214,18.45069498,94.70223233,27.59022189,77.3366777,76.83156655,88.96094034,97.92887786,38.2875966,79.08608586,35.41256192,86.38962183,86.50141532,53.40388385,96.68150505,35.87960036,26.38740843,75.37583518,67.25240058,3.873629112,15.09322571,84.60342218,63.61767556,73.75874792,39.06848543,84.85073936,61.45943328,77.37612091,30.44862651,15.09171227,88.89727195,26.74780799,63.92566027,70.75348243,7.246979692,48.62498182,23.64165233,88.7323889,63.21491515,52.79333692,6.909989477,14.34515645,1.311266726,78.75937888,39.27095853,24.35462048,0.82311425
96.16563307,17.69758664,91.74705545,21.62817773,81.81277732,25.6407676,37.56773903,17.42618421,41.07924445,57.96928499,71.06285953,27.33915705,20.50267949,62.4429207,95.52324398,29.078493,91.11596913,26.22182099,89.01055187,40.82868057,67.3717571,24.87068336,6.862747533,46.02799085,48.04887556,31.87884468,89.66874454,63.95615136,62.23982185,68.73528284,55.94106684,35.32841549,66.55110614,71.00823456,20.28166398,85.80305448,8.482957031,20.6579321,57.56274891,58.63394115,63.84497022,99.04125278,56.63592435,52.73491192,99.22387227,63.8857048,81.34722583,49.8977941,12.13366038,46.20074751
0.212307685,4.106524881,79.56890335,87.58939213,0.697925349,77.71057662,84.22641425,23.60946034,29.86255851,31.38277047,74.51671018,23.75260716,23.65313825,24.8923653,72.46214276,74.82168102,28.30414319,81.70188211,70.43485583,40.3738223,19.8138614,10.35583631,73.03422305,90.38012347,63.80733774,38.59976236,26.33203337,42.70984522,8.676314063,10.32149399,47.33839331,60.19840308,46.32116015,55.26111907,12.74559876,28.30748843,33.25777091,41.63287618,60.52731743,0.226285638,81.25363887,94.79600298,61.34632031,36.37708992,8.178375502,43.19120169,8.684906699,63.65046517,18.80428403,47.76500883
42.91316191,73.01961597,97.4841808,22.02019152,46.10330118,99.59097296,60.34472539,33.59992534,39.85872633,73.55597649,23.22111708,42.57744924,72.29388275,75.2017027,84.84183425,42.03654034,37.66306481,98.31955285,70.02198382,48.61557243,91.22986914,90.33943163,77.74856102,91.56135953,64.67890827,52.93728945,92.87250883,97.34371275,14.18182826,23.88083702,31.23728572,49.04980769,93.0310813,83.68294907,73.73201327,49.13088938,14.44159866,99.486026,35.55943157,34.49410506,45.54023093,56.661463,46.44856875,93.35553608,46.39344226,57.00310627,39.57734811,70.35556119,83.41149954,98.84313615
1.380830212,23.07269887,39.20352765,86.05217121,13.91152953,53.46643781,33.29373027,61.92587761,82.68983299,22.18119082,16.55957702,89.41817222,47.21765127,24.81970337,29.95839425,75.82434569,60.29858427,57.25416255,67.00442738,37.91171523,26.36015967,0.965466679,85.9133589,78.6889954,91.76901058,34.10047264,95.82544165,11.708271,96.2340397,18.44837795,28.11575392,32.35236083,96.42489806,62.02191308,8.824833604,70.90603733,8.201020617,19.62531532,84.25734369,20.31515743,63.52883648,33.51777021,21.7682034,5.484780535,40.64845914,94.05189317,89.58625128,65.03856295,69.65554971,58.37005002
2.557658406,71.23658444,3.713885009,91.73698552,38.01101013,94.86600073,41.2802764,12.35060537,48.2246126,17.96086304,64.69557719,75.25422862,53.14680431,72.33845202,9.365452975,8.591239027,50.3496419,81.49452959,48.39811548,17.20005164,73.51129346,12.75345796,81.25435315,85.86198087,41.2022846,88.05654998,42.56993633,8.28804429,75.71545298,55.34373948,88.48103057,53.94381169,97.85219449,89.81171095,76.91395924,38.11073058,4.208673076,58.36223519,70.09949661,88.70892062,85.4007689,35.27653533,29.24367472,25.65425926,5.71710666,47.55428358,24.76873477,93.88133392,74.43320627,54.66554277
38.72191457,77.48513641,18.54613666,36.5246887,9.491537253,97.70230795,30.04722847,9.344223356,39.7807297,37.89982108,97.95119732,98.67105307,93.02100221,65.94407752,63.83865079,41.45596241,5.377863867,87.13393633,41.95734572,14.20508904,50.64065217,56.63878479,48.68183235,51.96764613,71.76874919,20.494133,84.2849811,35.79828323,81.56606801,25.0250057,77.51784936,69.76579452,53.91753395,98.82017801,45.25576798,54.38128041,12.85466202,11.73745366,46.43854657,56.7782777,33.08868934,77.03808764,87.30480791,9.536501776,42.35731189,36.12988603,23.33337325,7.324654432,45.97688468,39.26471331
88.7306012,56.25305755,77.92490524,74.19189156,30.59187614,58.98759278,39.29075745,76.73456954,78.61928638,13.49830551,41.32618963,25.19800445,37.36956223,4.235863615,47.9849898,64.27676259,92.03429305,76.55357614,34.86031724,95.33278178,35.74353544,90.23076717,0.218589268,62.59901226,21.00017592,63.73122545,71.24545467,44.00202736,52.58579993,29.67777768,3.246474647,58.48068553,83.74489308,96.22103919,54.46018183,54.28412637,90.58568449,36.0815031,1.458528992,1.116798807,70.61678045,36.28879711,85.84889139,62.47804081,63.08043863,21.41240958,97.40897508,74.58839306,76.48064832,55.44592447
56.06164114,60.62613369,29.00559922,17.95783629,55.94650677,40.03204235,65.53485407,19.60079634,1.047175848,50.83779039,94.03297389,43.25091254,1.497817671,7.065869933,13.65369842,39.26764624,18.35644186,28.65396947,61.30691371,46.94462223,36.51289416,36.51706449,42.37815227,91.19142479,91.58788055,29.90512802,75.03383354,66.33422962,59.81925813,55.18471992,75.8867598,59.27943461,69.88133507,85.11266146,28.88721489,34.05393246,36.30374087,36.50152811,75.0808029,95.0376524,87.03502543,94.70259156,5.998558711,43.10853666,9.075436262,28.19088975,39.73377008,47.47397999,38.48824682,76.5146572
34.65535513,84.23548374,92.79238942,13.23979877,57.41822256,58.27441194,35.01264174,67.52211402,96.92943682,76.25505281,21.13408849,82.42003614,63.42263582,81.18776138,41.01085537,1.929449804,97.1823968,47.87209149,86.82403633,36.81014531,26.27536122,0.769533633,95.13786071,35.32584209,96.49066201,36.68144644,26.80309376,13.15593999,2.697364344,43.26728804,79.64921235,89.69533571,18.6739547,13.87851484,59.3930996,25.14382346,8.425811572,57.78776157,40.5931288,10.29305471,61.45263092,69.30776663,53.64821661,45.14135077,39.01010826,55.12142676,28.42183629,90.3181655,67.25810479,12.27111332
78.93099421,62.86326364,83.29279834,60.26374523,7.642169037,85.58482572,64.03430605,45.87670421,63.48819133,86.13472722,24.47355535,29.19147058,77.83876277,15.0071246,68.62954245,99.14894073,32.96749124,56.11634204,97.07200596,24.61908314,72.60283465,4.335973663,75.16026442,2.274113381,85.369859,83.81472076,5.221588179,23.40100649,51.17428077,79.74734306,80.60741986,83.27732736,42.0537171,57.68686083,9.717694085,44.2469083,13.87116236,70.55597441,7.763403842,21.79997249,99.53667888,51.57217824,89.82252711,81.7372798,59.87460014,33.27001496,16.01164098,86.83025525,16.42965558,81.24431606
54.91769132,54.57421674,36.83401084,34.75708039,27.46440163,53.9145993,56.51439877,89.81431449,36.61609582,24.341499,92.92568689,15.23597906,41.70770347,50.32357706,7.798707548,45.028453,40.033828,47.45698279,92.19543224,89.91055496,92.28464605,29.66297388,60.7381846,76.960293,95.8493371,92.91406248,61.80600048,79.35186549,62.00018539,76.1545961,94.53710543,52.75826119,89.30214935,61.85450549,61.84336245,82.92599632,9.313870102,5.38545723,95.54222353,5.9997911,56.10454109,39.43130073,11.41042298,59.79166146,1.212204881,37.99687878,34.63482633,86.32449122,50.52186539,88.65896637
52.26400633,74.00913359,28.78517592,79.26402558,20.34317725,33.01300675,50.80530367,57.66490666,80.82229491,83.16151941,67.95656827,9.653655995,3.354263356,42.77542874,43.03175715,94.01635983,77.81073597,41.57253301,7.738958243,25.32960434,17.62191142,20.22085194,92.49740763,10.03110115,1.067828136,98.54346983,3.707788539,4.665939738,4.475915393,84.00474917,50.08643605,2.531690648,5.48251166,77.45095414,47.3724784,76.81097126,20.43381343,9.113079671,77.92602338,19.21009132,18.43417171,81.89139909,42.1180177,38.61206024,38.28279793,23.36542989,28.18116627,70.27472388,66.60126325,42.5808545
41.41652364,53.75806095,36.17905787,96.50243921,44.25303154,91.06387598,4.046030795,44.0321379,74.6415053,68.45424009,67.25950156,57.97327435,58.27549661,90.37123015,5.617312327,62.31918149,83.97571725,11.18961301,57.70251513,70.93600619,24.14639605,20.98905509,73.68005805,82.06830334,49.63531638,83.85930329,42.63007213,9.486019026,54.13724976,46.82485948,83.94875735,29.37966585,32.42455538,15.53199821,59.83730713,18.98361335,46.94000599,35.35658584,41.60467512,49.54119592,37.06027333,8.711456287,88.7685527,5.051669658,53.54247247,30.76553397,3.20370243,59.49652762,38.6379838,53.10152535
34.16374327,79.54119864,64.00482162,79.26930462,14.0615075,45.97930178,13.7686331,41.0652557,49.52353494,69.42147079,94.37105951,75.94211349,47.53612927,63.69566566,99.91323476,26.31471841,20.73639054,18.20913216,29.75502486,72.65288967,27.4756696,87.9183435,5.76923799,16.35252785,75.48796492,69.53512924,80.03510052,23.42049586,63.66577627,15.20894782,9.617530092,71.80906019,32.6020951,84.39292466,23.74401372,72.3401789,99.09861905,68.86644795,61.74255104,65.48712552,39.16411689,49.74066229,92.52370961,13.92861757,19.63121662,47.97017199,33.62379045,68.80510307,67.03615808,4.257647122
43.58596444,93.94421918,26.56952674,76.52786664,92.58500474,52.14644157,10.65194693,74.55542129,27.58309631,44.34773254,50.21409569,21.95361698,77.3009386,70.09187015,25.52830667,73.70311564,53.77312546,5.096329155,37.59173351,55.1405794,0.804808061,38.66003868,67.36943274,47.22796935,92.10718929,60.26776917,68.25120533,53.54933574,53.78224304,13.1581739,47.10011538,68.65501967,14.91027932,31.18804078,89.32423229,48.13374447,17.11971294,65.49874574,22.04802618,61.21880248,43.9595883,85.24914047,79.31549739,67.92538366,90.50897709,77.97057167,7.339206622,91.56911414,40.01874737,60.91413567
91.38000801,50.39776909,76.00534663,17.07665571,84.80013357,23.62002325,97.8693625,31.77393173,14.07827321,37.45654201,60.45405314,75.46031518,55.2132529,96.42883829,38.52838865,94.94907515,66.28583514,11.60204616,38.32456495,40.50411288,97.13922526,89.0763223,16.38336894,63.71234435,39.5931487,59.57071928,80.40221308,15.48356978,74.85934431,27.33667222,17.372998,91.51791223,31.28019272,93.59284281,73.25539533,57.04732897,45.87618711,57.67201366,41.97447438,27.60115132,7.6201608,88.28855122,70.02184748,54.6328625,34.33242706,12.11415921,64.31115532,55.43241142,28.39034399,10.84361126
0.617096107,59.53088311,64.63632373,33.89233968,37.38452578,40.40935743,5.146459955,15.06405315,86.13135855,41.88655409,40.89721705,28.96442992,66.4633463,86.98871551,35.42431324,83.10119653,4.031957839,69.18447592,65.61021703,17.75218787,51.41461448,26.56699154,49.56323956,43.97820568,55.19501184,64.19266503,34.37718904,54.75427662,65.18383451,73.09340855,99.96743797,11.71832998,27.11424736,66.87537097,32.68082766,52.21615655,6.188624708,98.41920429,16.03314596,24.64383031,37.14878402,64.29944149,77.71943811,73.49674291,31.79658928,56.00526696,17.38764954,25.28013484,16.02647687,25.01654916
39.11398298,79.38837847,47.11640424,71.42360747,18.36188259,10.54665634,34.61230929,18.84807336,35.27820612,91.45409804,92.73117844,73.74554505,25.97048539,2.367443088,99.24745326,89.46791745,55.1029328,96.79288587,2.772134716,20.94769377,66.05760261,36.6709362,79.03507642,18.86243481,41.49659026,4.967188147,28.41079234,72.02280494,20.51648947,33.23862797,84.67230501,30.53165712,4.8254965,56.98067103,1.738129267,30.48014375,12.46638446,51.18976459,78.46813205,26.6352253,76.1023967,25.84736102,77.26362885,87.19641743,47.07125568,71.32739667,45.64126578,82.06974939,95.21383093,81.24814258
20.16051637,50.09128966,77.72750185,60.6710338,45.45043645,99.8863074,20.27497117,67.86089557,57.59584496,97.80635204,30.58949669,37.5760404,90.26024227,67.45260869,22.3160721,61.19215232,0.303447619,38.58144065,60.47725528,46.66968353,1.239037483,11.06682931,66.92067928,70.44213425,25.94270217,40.25930265,40.79551798,51.36382341,3.070745688,39.18383962,43.50349662,68.55086649,85.61367635,16.88255411,76.73551743,31.91884865,35.66365735,2.206609776,97.19166297,41.85220125,8.899315054,81.73555531,81.35484389,53.22388193,52.49770167,29.18406786,17.27615429,75.62236446,82.34874209,69.26665833
83.2782502,7.552638029,3.469248004,4.515647971,40.12997605,7.866177927,8.188981783,46.33910143,46.64669873,49.98700335,72.98980725,71.71199316,44.34601985,24.81668046,73.17827891,62.893623,60.94629445,11.46312025,13.0603855,16.80831263,52.0481993,47.97671545,61.84015874,25.68437951,12.74950856,64.95618353,28.38445236,91.69457821,66.06105116,22.96209015,51.79108315,5.627777288,86.19053936,64.04976206,63.26814578,99.39684498,68.76754354,20.95623183,70.56217176,96.73609287,90.70050231,4.761364783,54.45548409,34.76892683,63.63249284,65.73415262,48.1892871,91.95843543,91.67701392,31.75741218
18.70003974,93.09830899,22.35804757,83.14452209,93.93463105,49.30071938,91.94080907,41.41641504,27.5314942,56.90777369,32.24232439,16.77427506,23.62934258,45.40891432,26.32485243,53.4337688,5.54880425,71.59467348,37.91606735,38.45319019,26.21904787,57.95600046,42.60210898,59.26838541,90.47850836,74.93226642,23.53664028,93.90305681,63.90569595,64.96597754,54.66572677,8.774817961,27.30107552,16.7981398,6.216977596,51.76078434,61.26331064,6.7999447,36.36021251,40.54207219,45.73458115,89.82595886,38.89863259,96.02424219,88.38775488,20.46598545,53.69559739,32.72182232,2.479801203,83.67653413
96.28591181,92.22624315,4.107642665,55.30608373,33.00135797,21.74956194,63.93241111,5.512185999,51.596142,69.90466569,0.453947324,73.10643143,90.69185319,67.29250597,91.76047711,5.535627562,12.72019632,22.75453661,32.26336028,47.04493281,43.7933085,45.8804565,54.92004716,11.78607162,95.85706488,23.20654194,90.26322474,81.72980643,90.10321915,70.0988616,67.43905831,73.86062116,35.89149278,68.49559254,56.62762978,81.37617415,19.03530474,63.03765454,42.07946683,76.65148662,19.48862717,71.03148412,83.42909659,96.30025727,79.75429514,29.95184391,6.204924938,39.6094164,79.96800773,21.15278141
82.96055372,90.67081387,93.88917057,24.49793495,24.25803683,44.37913968,0.611288183,26.30452512,83.32816894,99.38107437,58.8266309,22.43664425,0.018224219,17.19402911,72.24046422,14.67017988,13.18797852,1.842641069,41.97150313,57.32170692,99.34901075,66.98218744,70.60831982,87.4381849,19.60575951,65.22793936,23.21943702,53.68543843,32.34995643,1.779558965,58.39790175,33.24665409,16.2190779,6.245817182,61.67796873,72.60899726,4.198972963,25.43791426,15.999282,49.9327843,38.35233069,64.41278689,54.51574558,75.29267851,15.6628784,64.04055603,36.45268784,51.40878334,82.63749799,14.57677652
24.49615859,28.36468564,46.20389134,72.30064914,55.34836468,74.79462933,93.25304387,12.20197375,77.40962101,32.70118991,48.92048969,68.82165411,29.81109797,22.02554505,49.55628887,80.249146,62.82257805,77.24132518,26.7180821,1.222974483,3.223535035,65.99970239,51.42627628,97.09813017,12.51015785,13.33169605,96.76784699,75.03276996,24.89607751,37.50274034,1.191972692,50.14586783,91.29718297,82.38202577,68.36422128,93.2632067,46.2963456,26.36194618,61.03972448,65.60456423,77.69387083,91.72994423,74.57234053,35.45674135,95.49575572,80.36916112,44.39504743,8.139042388,99.42163459,3.78034841
69.87564605,78.71480173,55.78034624,95.14999107,46.22996805,33.52986576,82.61197337,67.06671535,34.4137976,80.21528562,88.51450041,95.9408384,35.38154865,6.852002678,77.38487364,37.64301723,20.20230649,69.55618406,56.36051198,5.170424829,51.35287677,28.41737299,12.65913359,21.43787348,19.21063991,25.59702157,4.087047239,17.10439005,80.08389084,41.5621095,32.43221197,66.35723285,85.01707451,7.159519388,2.074384852,7.307499182,20.19704283,22.01268173,28.52302844,41.72319027,27.12121307,59.72515422,42.56103935,40.3992721,92.25435312,25.3216423,33.89194997,75.75316104,76.02203861,84.66040452
11.85711051,45.71247687,80.9944189,70.87486728,10.57170238,88.9269491,26.8615566,21.55213505,29.09161064,6.95405486,79.05089302,5.17503348,50.52940614,34.46072098,52.83686679,15.01757276,56.6121428,24.78530446,94.2316696,81.05928275,3.012633713,29.78647309,20.89681709,31.34061659,95.51308941,32.53145428,65.02952081,19.73091911,80.16828432,92.03137691,89.58997299,67.80710614,5.637462252,64.02865811,80.68350519,9.529630057,33.72914194,50.82980462,74.12256303,64.17585336,48.12164954,41.6549246,76.04753277,63.64546079,56.50568562,81.31243513,78.06355818,36.30454576,54.41327445,21.61511723
30.07397263,16.89358648,73.71771319,92.72357432,73.47830769,17.52891546,74.97088357,37.40445665,41.22195786,81.04901782,20.97659075,13.31129286,51.38717392,72.42021915,53.44672707,93.17610629,77.27435695,74.85037048,51.99714392,56.62765568,58.49642207,79.13335905,49.55908311,89.78316868,98.01648632,9.656169004,10.24955245,40.49567965,22.64867034,47.30518906,65.39037974,37.33163199,25.37498445,90.63612433,51.35462838,79.62663579,56.21878032,78.64096039,53.47203161,74.42527744,37.18379471,22.29652809,29.8703235,15.48555614,35.13611203,85.1685231,56.85001894,32.21472214,91.84310345,11.373178
15.08687565,73.38715524,9.117791448,44.13865343,19.94230675,79.69986752,63.866041,92.15428247,66.91725653,23.59355425,28.9458005,74.28883884,7.519963398,48.20741101,71.95242287,7.218139692,92.45179199,60.25162585,12.0778375,74.28995383,18.21691577,34.76528418,36.58168389,94.81471818,97.81049263,24.69291404,20.07484397,88.87567025,71.52599184,63.17618292,2.010041016,98.24712838,75.57144991,29.98944193,31.80521939,8.638858735,7.807713181,31.76493863,45.47978391,46.30557129,73.78248184,17.81084143,90.29602155,10.7239223,43.88562967,51.03039185,34.98399219,36.20057411,94.36254535,0.59606936
86.64458937,74.76975339,86.8622144,81.08338178,64.81888287,87.77580754,27.63034843,77.03217666,42.49182069,58.76054845,21.30926574,55.77873867,33.36323229,81.66941819,97.56324983,27.70512746,10.77403741,96.70693139,18.92755411,60.21190082,84.60270257,33.61041964,78.67122125,73.09420556,59.48553658,71.75171841,87.35303527,29.43545902,64.07242357,79.23489223,59.00040701,39.96655199,85.90669942,28.15966726,86.29366754,87.57756729,47.69277385,97.96879741,81.66667577,84.78847856,55.44919581,11.01031666,63.54472803,70.30692197,41.20094857,35.58101543,75.24333775,43.65954506,36.40309654,32.81815096
27.30793504,43.10311695,28.63421601,89.39267461,95.72113747,66.2279174,89.26710021,73.62288475,77.75952967,53.62719097,79.88288472,91.88237291,87.18677795,5.897821759,19.21459833,68.88289627,18.73569097,36.51873593,25.71367196,30.8003865,36.10964525,0.441886782,36.97933801,54.22955844,16.84379691,27.4319671,27.41889914,35.88943962,41.99240147,34.40502354,64.67087329,88.72938085,80.1342684,69.99010434,84.35152902,59.33366626,23.64532695,94.47168878,50.17899447,24.22028936,60.43867923,34.52521289,48.33468541,73.86067076,26.76041962,13.13731333,12.80404408,36.94996661,89.45218909,27.25829913
35.62371705,72.42863762,55.69735644,15.6875508,57.61815676,40.47543687,80.45560603,87.5574574,57.82682946,0.061045119,15.08476723,37.42285299,70.79576971,77.60600581,30.46269736,91.07091548,14.48026047,25.41374236,52.14985671,47.6772062,72.33677586,4.767278682,87.12492992,67.55774004,49.10238693,21.3724417,64.89568869,90.37226582,31.41031447,13.28990334,99.40044942,84.01077096,29.98012007,66.87709681,2.684586361,75.30975113,34.97527214,13.3375412,32.77529843,94.77934389,81.45012217,2.561218739,89.84913188,94.24893218,20.28578805,88.76060543,48.22021751,3.951834562,7.382546688,87.0797301
45.92703497,24.60231119,3.974931361,33.89545206,1.98838346,0.336887502,28.95725142,64.92660501,38.7704069,23.00988389,48.11236894,42.37660007,39.3846537,51.85449733,5.140642272,42.12869128,8.985039517,61.2617407,7.165405347,7.448486952,8.159499974,80.44037218,13.74659023,88.73129603,40.16222818,91.52490382,48.59985371,22.00512254,36.74261595,35.08986389,30.33093089,22.39106945,66.0955941,49.15933486,65.25732156,74.75346495,43.99502536,33.94396572,96.74171221,83.84541099,52.99082986,25.79936219,2.471416852,71.75267129,3.958855694,10.03379406,44.30080536,15.47437995,57.7792558,84.39751712
25.28862217,41.63953778,74.85680883,38.74520881,82.44736143,15.01472326,90.061901,10.00038767,33.07545079,55.95126516,50.72654031,63.44915397,55.6597297,66.60533893,38.25613871,78.2123681,14.53060532,54.21792381,81.23392634,4.317635213,71.57215899,56.7701631,83.90031823,25.43707605,49.20675208,7.755881018,80.06957832,83.99683782,22.52606003,47.94751002,26.44191911,3.165978268,73.10196422,67.82268347,88.5507588,67.01478511,2.132264096,39.75841721,84.34875327,87.28612965,94.58746183,86.51283663,21.98708688,55.76848216,46.60090065,21.1089563,74.4328661,77.26730066,66.96905032,57.670033
62.62459452,24.30822938,88.82496207,27.82070139,95.47685314,59.22190865,94.8536643,70.86271313,38.56147596,58.63576055,20.08775318,29.3512362,22.29806526,8.768088548,21.58145873,16.90045327,58.56796956,29.59784582,69.67807962,22.71277742,6.201632196,73.11030084,27.97576426,22.35413218,43.44265934,17.30050689,11.44607029,59.26766613,61.48053833,34.80739886,12.1388326,35.98986564,46.32874148,83.7625925,80.85004827,54.96734103,45.91791074,38.36088013,3.178000292,75.22704401,37.78621228,14.79976775,51.29935726,24.26655656,88.92622439,97.79840481,94.78870555,49.53820128,51.66533886,91.57230077
54.59529332,32.28599816,46.38837175,3.423637708,4.590522915,68.86796322,45.76248415,53.44793328,46.38320211,24.65587481,62.63690103,55.94853969,1.792173898,64.14091669,17.66929069,28.27300682,88.82768806,23.88881303,60.15676795,85.08229629,0.512205878,56.24904108,96.22707862,64.17506139,22.83935505,41.22540644,42.39903454,47.2690756,86.23621756,73.28710988,2.259115062,53.19605466,10.82972792,83.3070135,21.3585175,46.26391783,2.083675427,77.31155259,5.923094365,96.29729219,30.12045809,22.56000585,77.7433446,22.34710806,92.53882835,61.71946073,89.16583071,9.13852542,20.81383044,79.76377629
18.77941436,54.43772372,74.46003292,57.88130635,92.55578989,11.76317835,71.55034951,22.0861784,88.01890631,50.04259804,37.87458079,98.79215185,55.97092627,66.0286003,13.12085854,92.97207888,33.26924144,59.75424027,34.24557434,1.016843767,96.13020309,7.447873207,78.60582741,31.04794013,29.14826417,86.43042234,44.71082233,35.821107,25.64486648,54.19457605,45.29727433,2.364119314,98.83570038,65.16623662,95.42903775,7.737609254,92.05044988,32.06150498,69.28992538,15.90367027,36.44261649,12.23712969,77.40188177,22.69446274,5.444918285,79.15070066,50.60988471,53.13472111,77.11068062,78.69946923
69.71951527,91.58773404,82.20150966,90.29139382,92.09021461,49.41932329,66.94605585,9.002005925,39.69464445,15.66994541,49.32331643,90.40847246,30.55818218,45.82833324,67.42204233,25.64265671,25.01801405,71.05661955,79.51218489,21.63601308,94.88181162,90.50672971,65.70562004,95.78792979,73.95200181,3.80795354,14.48287271,24.07284626,4.809145243,6.271088546,41.22898214,12.848879,79.15839112,73.08268471,84.2394824,4.474740221,85.84526901,42.53842888,78.57687303,74.68204848,24.71491048,11.8931809,33.64849715,52.76395867,75.80207395,62.4837124,4.347807926,4.076121379,19.54947258,29.50342492
5.275951959,8.58383972,45.36830057,28.13270945,0.116776923,35.46531337,64.24737526,67.50124186,91.27519484,64.83875701,25.00032165,45.90018896,19.98218549,82.3924029,6.80094605,42.79856646,50.93828603,18.50407238,1.849854837,72.17089159,44.85956014,94.22636142,79.34971655,74.31401913,52.24876344,86.20795386,87.86782032,60.55640765,28.34919536,34.88068831,13.89795322,99.01474048,21.5822319,94.72991336,52.22414226,48.9070281,6.06115218,12.1580349,45.48157975,94.49894183,87.98645474,26.23756026,24.54592471,86.73587644,66.83155829,77.82064112,64.32373909,38.00464739,28.1293578,8.233905925
35.13015618,49.82124224,71.00662694,20.51913762,54.37360378,82.72403902,37.07837081,45.62538924,27.38866702,31.81299352,58.01862134,22.89608412,0.736785688,55.77696148,69.65631412,89.82087096,49.54702359,34.94655898,27.32625297,63.667473,21.83060906,47.02514798,36.37900094,29.17728655,78.14534216,56.67892794,5.796703389,20.65066171,92.27952501,17.7649258,58.67008508,30.28077966,91.06237233,54.26479457,80.34290851,77.83201503,2.512665919,76.64859006,29.55740115,88.9332148,36.72735964,52.90726769,79.72786185,8.466671,66.03902506,88.03374371,42.20025877,0.079734522,43.93837064,72.61271983
74.74967838,85.60643043,29.3649836,48.36868463,58.70289048,72.6182565,88.61025684,49.54058943,1.479140494,55.35753461,96.71006729,75.22904887,31.96380586,20.27492389,76.9883771,45.41173493,21.34073174,35.86922401,38.84128242,68.87271401,73.61440842,45.0046647,74.89912627,82.62177024,12.78228338,0.702878706,52.29233239,57.58937868,47.9517756,37.34158197,67.42678041,27.95991769,9.799268438,43.15828652,50.63621073,39.34223591,88.67923346,21.22274404,83.56471542,34.80696297,98.5453722,72.56189766,39.10507939,46.29841408,65.11165381,13.15854712,27.76117084,21.80089875,50.18664537,90.36408315
24.62549132,51.26605808,5.524132743,66.00465466,3.545013701,28.57798285,69.83602892,28.55421361,47.90322048,5.788885884,41.01901806,82.36872711,48.56003427,67.6046041,50.2134524,82.97972187,7.514483605,91.18218681,81.49388767,82.00451797,57.85122935,0.910677922,92.19010759,90.81852341,66.64953237,9.02759695,57.65185858,19.90170125,58.75372659,1.993314172,12.47012752,63.23863451,3.877665747,33.64693955,90.12175648,73.09484214,98.09982471,26.21225532,49.59632554,67.41834968,94.04648381,18.72583045,29.35020223,62.95713335,59.48881501,32.16437102,22.1153392,95.53050836,94.26978234,99.85841395
92.3210982,25.64663255,8.062773924,67.96777456,90.63235234,85.13601366,68.38014757,18.04098365,30.75176774,23.55284823,69.38694645,2.335586114,63.08800546,45.05862031,17.05600618,97.57569365,80.95636607,5.896351168,37.52403527,21.71117919,90.33426623,43.73622934,7.055032222,95.8037438,55.48239655,64.74712274,9.277738687,97.04243115,79.27584961,1.112316195,90.43231124,13.33451913,76.1150313,15.26170125,87.92753263,58.79434608,42.50432263,46.47358578,49.51152776,55.46774497,88.583842,25.19381014,40.73504358,18.45335914,83.42453463,48.30991755,90.00502889,33.19864771,14.31666589,61.7512065
82.31339146,66.83488779,40.8822034,61.90746749,22.17057687,29.03759287,61.15711685,11.00403738,91.1267733,60.0391102,64.93330642,42.57170572,3.737633367,91.28338617,80.4715736,31.36964289,56.56280864,18.7559,95.70554949,45.52860276,11.60015363,2.480732107,15.90860423,54.10757534,96.47910373,82.0362459,41.70426227,80.45966405,66.01708426,30.53698029,32.05896011,5.241841943,83.63801382,12.31289164,40.67826311,97.77889265,89.0020768,91.18151341,0.486112621,9.017126491,60.41723091,13.20220711,36.30829077,54.39071538,1.892177957,13.69370371,18.0632498,9.511320132,23.69204276,65.15595535
20.62071395,34.25549295,48.75213597,93.34241671,10.54257429,98.9237223,48.19506767,32.04701788,22.24540039,21.62767389,53.87797542,88.97528414,57.46361987,85.30625642,24.95815838,32.33134024,67.50937258,33.6177524,62.21817345,29.98917048,54.8380951,54.51145336,64.62769166,34.0830569,63.70729934,76.45624784,30.26301348,89.66868404,39.70166308,7.110576571,51.71678123,48.37081692,7.653473712,73.88472811,18.52841241,89.10879962,20.08254165,64.5150808,84.33674999,25.93158551,13.87676834,97.38113982,91.8774322,80.47812087,48.2903702,8.368704335,72.38294829,23.7561375,28.15278799,2.775346166
29.90171875,46.39693763,69.66638749,46.01853524,64.16623217,78.01285597,55.32804911,23.78585283,99.60207493,67.32442194,63.16163316,10.51566529,23.6360522,23.05974814,92.44632189,88.43930889,68.92975742,55.86691563,74.48251586,2.539051225,48.47182686,1.573846029,99.77893631,36.76125339,11.17404417,16.8204968,8.792517098,59.82402417,76.34396691,27.00430031,35.27081539,63.59822171,35.24907908,54.99305821,68.73867208,70.53696233,37.31375016,73.40293777,30.79903721,75.37910852,24.63706746,49.03258685,65.68266422,16.14384454,82.5237015,97.77098235,69.67953772,40.14438189,89.98273501,96.31750295
64.53141365,65.12870994,2.656181467,55.63388702,38.72869743,98.74686604,91.99103118,71.92366097,19.47311487,61.35471565,25.39574741,89.10899011,12.68592601,47.42908125,23.6219666,22.74214447,60.4331699,90.39843528,49.76888034,24.90718604,29.63819834,57.24768694,20.41078394,74.88437565,76.27994233,16.0000557,88.63691782,42.00252539,75.10389917,33.8467879,91.46432609,14.21191713,52.54931012,60.07183314,17.35768708,21.10516381,50.11272733,39.66291262,90.65761975,18.07590586,41.95966428,58.37580749,78.29359342,2.605865499,20.67812927,53.96575564,17.1487727,2.823598934,10.79819995,38.18867089
79.82914249,13.01828419,92.88871186,92.02236748,67.43986723,53.60245569,31.17436611,13.38119429,20.82290419,74.70379156,35.28583309,29.36701054,33.38073593,34.00862148,95.66452653,98.25304144,35.38013459,90.20254635,2.688319125,37.97231327,33.55464256,79.50022923,87.28297647,15.51087489,14.73869397,93.96961841,7.622142668,65.56102106,24.06886713,8.713507929,42.90657258,7.698257633,44.37250347,79.05066315,57.83954917,98.05419434,28.09210368,23.21220284,8.938986089,89.00512927,92.80359835,20.56705956,53.09473316,41.22680224,71.65566539,82.01585587,73.920937,64.2943476,9.021130605,69.59139518
25.48219497,36.101122,68.75735597,70.13853248,66.54146988,77.7238752,4.05975106,29.72779397,33.18315262,1.759702108,72.91400137,48.40937331,7.7351736,46.0402651,35.52275167,26.82155647,71.11387487,27.92162326,50.88827254,53.68155121,5.464739828,95.5787044,37.80395119,16.29180117,88.42140475,66.72645223,24.00928146,74.67641943,0.819435333,55.32022538,37.66042305,39.22682459,98.01322049,27.69106965,9.530294522,71.80255969,39.05325398,21.97710986,81.20648746,73.85656667,88.13068097,53.56256984,3.949756595,3.62281448,55.5623017,3.124036595,8.699209496,97.12984851,68.02336007,20.56671152
13.12332935,15.28188226,28.28103169,19.05611413,8.797764963,19.246008,37.92878852,46.5900354,36.06454663,65.64615423,32.77068922,40.39733949,78.61397895,2.029234369,94.13557599,84.72504665,24.39059204,61.17043196,18.24256738,91.79093419,66.95574175,76.49938873,84.46983728,20.68737359,22.306678,74.47831549,18.56419552,5.029500982,83.38772417,2.349887028,95.33519297,63.32321318,85.98800915,5.303382032,21.23495791,80.49764835,33.68439722,66.55806234,36.94198501,28.21236733,20.66213967,50.28693727,35.86475119,75.83769658,18.48966139,89.27546791,60.4331821,30.83061595,1.936842143,29.17460821
24.19187512,93.01873521,49.39351711,62.01657918,10.68280243,94.54998707,24.49348175,10.48236521,37.34279869,64.94800545,62.75151919,60.7766047,30.72085553,48.36098548,52.16007885,91.79854465,11.57591407,70.39928216,59.57570847,76.55584124,1.040522396,99.80670471,43.16784785,96.36907974,54.43656196,18.03177073,34.08150789,96.92670433,8.322205086,20.06887685,20.85738208,62.11205879,71.80931107,41.80244568,13.27092183,8.826525298,25.16184655,98.18246392,96.62958734,64.74297058,56.95351626,72.12553822,25.47663688,0.519412584,24.85725296,48.03804438,98.60510046,68.74151705,95.44341398,42.79067761
64.77037904,54.45894976,87.69574966,57.36620563,49.14858002,53.80896925,80.68826113,88.90738489,79.46173415,27.05862105,5.397058351,52.92541245,94.53765282,74.0358467,36.70941907,42.32948545,81.7445978,81.63882475,69.96969863,16.79554258,34.83371443,45.10619683,2.855019683,75.66379334,40.72752127,74.28905463,93.33628964,30.64945589,86.53882828,11.21588439,46.65958206,24.25445217,28.07689439,50.14513486,86.20540943,80.13663766,69.73549854,74.51658189,62.21659328,73.50749523,26.49735604,58.8811693,18.2599949,51.58824927,88.4803489,25.97000653,89.37392274,65.88481977,3.839998398,57.42277589
54.53888174,63.27982878,45.05390225,30.24644944,30.75543944,60.01848672,6.254063543,99.30392009,39.12447354,49.87808069,57.51591793,54.22560637,24.46145997,48.7550197,25.75445142,77.80338319,54.17263931,82.36580708,6.212815273,81.8805842,31.19032079,52.33915566,68.75479803,97.12701765,52.93543552,39.51827165,72.7964061,9.320313602,62.71426083,21.9549745,56.53184633,68.03035086,42.85969908,35.41314508,60.08725615,30.95554454,54.00619002,70.8103735,28.39726632,49.27145044,60.75713798,72.01144605,29.18256045,57.27591479,40.69353584,65.16274443,54.94142534,33.15915061,84.87566942,75.50790274
33.36530121,89.98035047,18.46180459,83.80651329,10.63181651,45.68460663,11.97582763,75.4844015,25.81620555,7.698323514,14.52863213,79.09473892,59.44809551,50.58361025,81.48250788,77.98558141,53.6536559,67.27881829,53.23952646,51.49117117,17.26841448,70.45727163,2.776556342,3.078655023,29.57100453,47.52649998,39.01824288,21.24632097,56.61433309,31.46376346,67.4107723,81.01911395,29.71356695,99.7174206,52.94763962,15.89099766,25.79355943,79.20832945,65.03799375,31.8226455,53.3860639,28.28781609,25.74835676,89.46649948,64.33141529,48.1505293,5.767496184,66.26250955,13.29577857,90.63492254
49.79903409,6.076044471,16.94125461,65.60700756,42.16168719,33.91746154,58.21712297,89.54042495,76.5193433,19.67923023,57.69393511,44.4143334,74.30223286,75.21028048,84.3508709,74.0299914,22.07021255,62.37296035,12.41424351,76.95622816,9.236268452,7.42079197,32.21251024,93.91169058,27.91811731,69.73290889,56.40729997,22.74819698,36.64307864,96.2194742,30.86600982,4.350586808,43.88283611,44.12400104,64.08118623,42.89835748,22.3206173,71.6817341,75.31358992,64.22810695,25.35231935,73.76892242,31.07781081,83.23858378,7.480337716,21.89656566,95.32321452,22.72453118,64.43412052,58.66753148
18.49754235,87.53066569,0.229757376,2.333165965,31.78524787,60.1804424,17.67271264,61.42967799,48.44393157,66.92260704,78.02495312,48.90104875,99.99215238,19.7560231,29.54031191,0.816054182,74.48047799,49.60490865,66.94095494,57.17122739,31.81142225,47.68518923,46.58314514,52.62890471,9.863285995,0.298380099,21.57750199,78.7971793,68.90028288,66.14878769,37.53321099,1.614098019,14.21880367,23.63803888,15.1229325,42.8803281,39.09853651,24.28772917,43.2291882,65.56375496,3.271577214,38.76629652,37.20949684,89.21767195,73.47822121,46.48988671,85.41329438,60.22850389,34.52712208,38.4857816
93.93223494,36.68397284,98.86894397,27.98895013,56.65876649,18.1730503,65.05181359,42.21739781,81.41056526,17.55553249,77.28674581,9.072798743,22.50750212,29.77663849,77.20609984,79.01285692,81.67792317,28.44283871,86.97397848,38.36857534,91.12228654,94.67595295,82.53657132,74.91840976,49.94368696,15.73855913,4.944802091,85.4882049,17.25201446,72.71108045,49.54460208,90.25175446,20.70081081,32.70140391,39.70788698,55.24144433,3.078159952,34.05911433,84.64497793,47.32573194,58.31702938,22.63974456,46.72498698,49.72469441,5.489067501,27.85537285,52.44299565,48.60919973,52.79306425,84.12322165
47.58114976,66.4500525,5.871577764,24.1223306,46.45621121,34.12801184,55.82205994,49.11662568,19.10457037,36.14825402,68.31264607,46.18553059,72.58408031,65.16917107,17.42129362,40.69564273,38.8633195,57.3774009,36.04065669,46.12165395,68.72235879,60.10960143,36.42588703,12.61874902,20.33642815,33.84700564,56.17539634,71.02961965,12.25905054,38.62801422,37.05343108,46.37227331,96.92058984,98.78258222,0.670001852,54.66147967,59.84416496,6.601833787,99.49918942,92.28552917,4.681198083,93.4624326,41.53540806,12.66270787,88.97102566,43.39877128,12.27155526,88.56737427,26.42037449,39.23734527
85.81495536,28.29175147,68.16678553,84.12784294,29.0742861,48.70656797,47.09669821,0.39030994,11.68867108,18.05168401,34.82281509,65.89795666,97.08109269,37.43323572,5.070947655,6.389041518,45.00290543,41.76429017,22.60415629,14.11277576,89.92821505,41.38515941,8.70472896,74.33403316,36.23211135,22.65413751,99.14554496,99.70697715,1.436650929,34.23313006,21.00637238,93.07817162,15.11541762,54.59693815,24.9167822,94.8038476,19.30216861,52.25596221,20.30881292,62.89081563,1.737381437,34.00703695,37.7333525,79.98348366,29.38965949,45.40738892,1.350440814,83.26776766,1.219853579,17.38024476
2.320505007,13.67247471,6.385199045,80.21668028,12.96218003,99.1803713,83.67996469,87.49551132,53.01139192,17.58858452,58.32487995,26.70271137,15.96180723,52.5396792,63.05015141,90.69844389,69.00435297,51.29914169,24.01400179,47.50615665,99.11092539,4.211690166,54.49441871,45.87295696,19.33857938,87.66314778,90.95877782,37.43635734,13.69791031,33.94132698,60.70134687,76.89084197,33.02466365,52.82371175,91.76294686,76.66009244,86.34049045,55.74772671,54.75182332,4.418984948,56.43067528,61.30872761,74.61086079,27.71333823,48.80765792,48.66407054,0.324851282,9.396416667,3.170410468,95.37072603
20.73423107,19.95624696,11.63915473,77.10534148,36.84727341,50.3423851,61.59670995,72.647837,27.77237163,93.50718801,29.56246542,72.0650357,21.33182337,88.54077804,86.54704979,67.57072486,92.03955099,99.27865704,16.72616352,81.19050885,73.93908985,2.71169323,98.36592646,92.03010574,12.15196726,57.484605,84.16019936,6.724052795,84.7777063,27.2336509,85.30560125,56.15447484,30.57043638,92.36648927,81.79310268,99.98455662,39.32660789,77.07503797,6.936854643,74.70274254,30.02552222,15.48701079,5.763664671,43.54714518,39.82455987,38.08090509,68.27878366,18.09392765,64.28395649,72.00653445
71.54979067,11.88884379,93.8934201,21.56263158,13.51642636,40.34514966,87.45135965,7.801143506,57.12385751,94.43285123,5.736715662,16.92028448,65.33004905,50.41764097,34.06956633,65.16297465,32.16390321,24.51756954,82.36428874,84.05178139,20.49820173,35.28202623,34.68081406,89.70750581,0.152877268,71.09388544,32.63573248,57.24591061,6.919877554,64.62693251,82.06367065,42.72397122,98.03047381,93.32606044,12.69344173,95.35797465,78.90463234,95.60280445,17.0006882,83.3464055,83.17158765,75.2958767,88.43951834,57.83599991,89.41253271,80.91494237,25.85911949,55.38071664,84.80421001,37.53920146
35.84788909,15.80253228,69.03306442,87.1975331,33.26176147,81.55310943,42.74746518,27.99997351,33.68955939,70.93317136,67.7647503,43.14141968,82.52308201,78.46654792,15.26299508,6.713063882,51.40687346,56.58608065,21.07561649,95.19701569,13.9119606,78.62778629,98.35560334,25.92169219,62.39563932,83.89578844,48.23030225,0.919372917,9.566117807,51.67852032,75.46778868,2.230447564,53.66147834,2.824681591,95.12892674,16.06574163,20.08674068,0.074349472,85.13503154,63.92589848,33.05648622,59.44552782,51.67726363,57.1951871,18.3604009,0.248212753,62.53498896,47.21801699,27.61316626,6.277295026
51.62865007,37.51829105,35.74340585,70.06138013,4.560971371,88.62900835,87.81251023,85.7034334,83.21774191,34.69041581,92.60273088,74.35925313,88.51205347,17.19759351,26.44681701,69.25026717,75.8595653,91.74068425,91.07690563,31.81366112,66.94087253,76.93528358,91.55041835,24.58588126,1.611091399,95.41250894,48.2590885,39.44832592,36.80673792,61.85028278,69.41697278,65.71122195,31.89114667,37.57006627,60.17682513,23.4983524,56.6900336,74.86635223,12.5975173,44.42681234,11.5720695,97.39645219,44.72670845,54.2473235,4.191273892,39.17689503,89.70095346,34.12588435,32.90148649,59.59646013
24.655281,57.07887291,66.47749437,11.41004649,96.98134043,34.93549721,15.81082989,29.4365437,23.33735625,32.31757541,31.02927336,96.82961254,61.80700669,97.13056135,69.37555205,88.11688086,26.25657454,85.99144756,2.128599783,56.37418321,86.90515083,99.32211269,45.06053362,1.935806324,57.87459185,74.54620827,93.54384597,48.78712535,52.60396962,58.0866523,37.29609355,36.6924111,4.769630536,85.32206641,96.26678824,91.92483376,64.15136692,70.21775962,65.80989312,95.35971959,12.66325719,71.58105051,79.96503104,30.17906914,1.947537235,7.896997592,89.28785894,54.49173955,65.18599102,73.83611586
96.78354375,51.61837899,15.63142165,56.17481398,74.77312985,13.60699361,40.64042472,18.50786698,70.8913172,47.82736346,75.13711144,36.20049804,59.10204788,49.26467585,48.58812623,99.92479875,74.98984933,99.73224312,21.28637517,62.06370074,78.6673325,2.184510396,87.05497607,10.3169228,35.41051706,90.95277283,57.95274718,24.53838953,26.85649359,80.88655627,64.66631689,4.535776528,4.792617568,99.90175206,54.93138654,16.56469762,78.39621409,76.97206736,81.14833664,17.96039487,3.48568464,79.83310377,34.83142597,91.18039033,99.4733011,88.59276643,5.771936706,21.14303896,68.37835323,8.259636614
75.57076589,43.37517332,28.96745292,61.73473545,55.25170803,86.59550694,42.02601816,30.39702462,39.08318263,57.21373222,26.09018622,56.8779753,71.540715,66.29585325,86.00490046,73.56900382,32.24050013,39.5909925,18.9459054,9.984707559,50.72685945,9.91268788,3.474564453,64.46738989,79.02303598,36.32525989,62.07358603,73.42585946,48.21477725,94.64532768,84.95916345,42.54195574,92.05553749,40.70998807,67.43156006,69.68156784,98.90837295,21.25516437,82.31825766,13.55935705,77.07712019,11.51521744,62.32215504,1.797759218,65.76923098,51.24841788,21.16585296,31.4647027,61.22910743,65.75464922
38.07002563,72.52127661,57.40241657,72.47953541,5.907461874,16.51536447,33.21955914,67.91904368,55.23085214,49.74617271,67.13056837,78.17019273,69.34510034,84.34722737,30.87318608,83.34802769,30.96907587,97.23915922,70.6104154,65.78108334,91.70996984,46.39311392,71.48456253,75.16430322,83.7734178,60.31782393,62.74234598,29.67822046,51.24922919,49.68487863,13.01686933,48.63381054,43.59999587,51.26912477,41.84675998,77.5217569,53.20731051,38.09471376,23.76252573,69.12640318,70.74409648,55.47032149,1.729158856,4.931160493,71.8844443,94.04271526,39.96133827,50.64311823,36.8765314,18.2895669
51.77460618,52.90118187,94.89521728,16.70205803,75.7772239,57.47908701,69.5184709,33.18445951,68.61045224,35.86177974,8.462836989,23.59004072,95.29942809,37.15572275,89.09161305,33.19250675,0.744806194,1.243937289,32.27175022,61.69834159,19.3865648,15.02873669,44.73571819,72.36451118,91.69022579,70.00981387,77.2760702,22.17205761,4.216350282,30.98127161,80.46670515,55.39687843,28.014554,64.0550777,20.0692317,9.368567509,45.74084329,13.65568925,75.32937337,38.39843324,72.75675243,80.95589042,46.04112576,1.36724446,45.33386893,49.44322188,42.17657809,22.47350239,85.02812288,35.62644862
39.46231153,30.94597982,24.27874809,88.47297259,73.59482731,39.58039522,11.75503258,29.32734018,76.3849103,26.73146897,60.54166321,89.67937647,39.29604255,22.55335437,70.4698708,61.50079281,98.32867801,95.70656008,75.92042502,87.74998823,20.19254192,36.97301264,33.27540648,38.24861606,53.50293731,37.29413843,56.5785052,38.45836863,97.44402425,59.86112477,26.65591901,95.70628081,2.431516274,35.48524644,22.26493987,69.59231512,31.76425707,95.14747934,58.38366998,64.72822444,58.80638008,41.40341608,76.91960683,92.44714893,7.134072955,89.74495395,45.68845601,82.9822436,39.32561193,4.6032963
63.32149422,44.61577279,66.90440611,52.0884442,82.2646438,84.24533775,44.40052481,57.59879312,52.80327956,6.19180984,90.87420352,27.35157049,55.09384257,77.28763195,38.10789367,92.58452182,40.69914941,35.21610749,80.32753242,56.10797065,21.64939399,13.00274923,87.71082779,43.20019973,58.55517626,21.19226807,83.82055499,94.35105389,48.647268,48.31033914,80.87257803,10.70619624,43.85449705,55.07188405,97.69084614,60.10830166,23.40855055,20.11389059,83.71379006,64.49813104,39.64609481,15.00291248,7.053088221,28.48651841,0.839398303,35.16764635,52.02718546,22.37315924,94.52498068,10.61278137
91.17376917,98.86178791,49.31009554,72.85853837,88.45209108,1.066589673,19.68990157,17.41029623,61.63443126,85.4007048,85.67769074,6.482596156,34.40172916,66.5090197,55.29634994,78.1908275,28.47301841,39.00512435,77.09195163,87.60001804,70.0607153,17.06875351,60.2709229,19.56359958,56.79119132,16.51552165,90.65981307,3.121400154,35.26590241,30.29966904,84.52247419,59.91247113,99.32601641,12.30924762,0.85338554,71.07242879,61.01548358,39.58964011,93.53390702,88.4337225,43.76894082,14.53146809,33.74371354,63.54125225,13.18923439,44.73556323,22.81152742,37.4581489,64.3411501,69.45669704
53.11310573,31.92206671,96.83685059,62.96402925,25.23757874,13.78716768,20.1396243,12.84083657,80.91600731,73.85983597,83.62923535,60.17235666,31.70457525,52.53157249,23.50254371,26.14628409,50.68887088,97.0047438,63.53641306,56.95547664,94.11741682,8.925856573,86.39421382,58.66648421,71.0334706,72.23272812,47.9032875,57.97660627,53.19537403,83.54077467,76.57440145,3.087627966,24.5384855,88.55424376,16.65216933,1.28693122,12.88414454,78.7857598,37.84506549,24.61078108,27.01787532,44.82559669,81.74573731,39.75203152,74.27736425,93.66777748,48.23335835,12.80729199,63.18162379,41.37097751
45.73546666,12.41479515,42.77483933,96.88232095,73.9847708,70.89314486,37.42927094,84.21947762,61.43356279,67.55088894,6.498727016,8.804560008,88.40852455,75.86795194,75.52648297,16.85708544,99.93814172,22.24239637,12.19571277,36.72097019,72.13732187,70.16466803,41.68686154,63.96290561,0.283035781,90.08237446,9.572508098,30.70890713,86.38584321,42.05022179,61.40764953,0.018440933,30.19225526,60.03924186,61.9081702,26.7852783,63.51849912,55.55849269,89.78122617,14.56484017,94.02323119,51.15334612,75.18771535,15.0736143,27.60078088,23.80213804,85.00976806,54.83948499,96.20000397,82.38100909
23.18981534,72.54183745,83.46315042,45.89325902,89.90791944,84.93116725,95.92714078,45.74944955,28.8050979,34.10063568,50.29703706,92.33210198,9.425126946,60.05826511,56.40130526,76.25207709,3.408780025,71.68856573,20.74691999,13.2553914,97.72161197,16.60141805,55.1712127,22.32621119,10.53390224,71.33651474,54.7682971,2.614871478,8.138612733,29.28996477,24.02386802,10.26355781,93.10002203,70.95485048,9.381607711,68.94098657,98.86752479,30.45812498,82.74307666,34.93509428,63.78939046,63.39016776,58.23167356,63.86018425,23.86117534,16.66419709,35.54978321,43.97314431,82.91435948,0.748380367
88.02525748,25.58454494,42.70254457,76.03314314,23.57013461,30.22419037,16.55432828,91.20657179,40.14317973,53.3420114,80.85948169,45.3573572,95.33698357,57.81815529,71.96173303,60.74973954,95.36750207,59.91395686,45.34006941,18.97349334,44.01225634,54.31139894,35.70261099,86.32471057,85.81731753,43.82699857,92.83854936,39.49523108,1.401656593,86.26300774,38.68418785,94.96101124,38.1236752,4.257820897,13.07952444,3.206893127,89.73128282,65.71391958,42.41966008,5.421814835,67.17725716,95.19767619,30.56610957,87.88425811,95.57683846,60.67912727,89.46207415,89.3368393,26.25962336,21.61789955
